/home/vscode/.local/lib/python3.10/site-packages/airflow/providers/fab/auth_manager/fab_auth_manager.py:108 RemovedInAirflow4Warning: The airflow.security.permissions module is deprecated; please see https://airflow.apache.org/docs/apache-airflow/stable/security/deprecated_permissions.html
2025-12-07T12:12:32.887928Z [info     ] Starting the Dag Processor Job [airflow.jobs.dag_processor_job_runner.DagProcessorJobRunner] loc=dag_processor_job_runner.py:59
2025-12-07T12:12:32.888500Z [info     ] Processing files using up to 2 processes at a time  [airflow.dag_processing.manager.DagFileProcessorManager] loc=manager.py:265
2025-12-07T12:12:32.888648Z [info     ] Process each file at most once every 30 seconds [airflow.dag_processing.manager.DagFileProcessorManager] loc=manager.py:266
2025-12-07T12:12:32.889283Z [info     ] DAG bundles loaded: dags-folder [airflow.dag_processing.bundles.manager.DagBundlesManager] loc=manager.py:179
2025-12-07T12:12:32.893601Z [info     ] DAG bundles loaded: dags-folder [airflow.dag_processing.bundles.manager.DagBundlesManager] loc=manager.py:179
2025-12-07T12:12:32.893867Z [info     ] Checking for new files in bundle dags-folder every 300 seconds [airflow.dag_processing.manager.DagFileProcessorManager] loc=manager.py:276
2025-12-07T12:12:32.899550Z [info     ] Refreshing bundle dags-folder  [airflow.dag_processing.manager.DagFileProcessorManager] loc=manager.py:553
2025-12-07T12:12:32.903849Z [info     ] Searching for files in dags-folder at /workspaces/hands-on-introduction-data-engineering-4395021/airflow/dags [airflow.dag_processing.manager.DagFileProcessorManager] loc=manager.py:604
2025-12-07T12:12:32.904923Z [info     ] Found 2 files for bundle dags-folder [airflow.dag_processing.manager.DagFileProcessorManager] loc=manager.py:606
/home/vscode/.local/lib/python3.10/site-packages/airflow/api_fastapi/execution_api/routes/__init__.py:23 DeprecationWarning: 'HTTP_422_UNPROCESSABLE_ENTITY' is deprecated. Use 'HTTP_422_UNPROCESSABLE_CONTENT' instead.
2025-12-07T12:12:33.389490Z [info     ] 
================================================================================
DAG File Processing Stats

Bundle       File Path           PID  Current Duration      # DAGs    # Errors  Last Duration    Last Run At
-----------  ----------------  -----  ------------------  --------  ----------  ---------------  -------------
dags-folder  one_task_dags.py  63284  0.03s                      0           0
dags-folder  two_task_dag.py   63283  0.04s                      0           0
================================================================================ [airflow.dag_processing.manager.DagFileProcessorManager] loc=manager.py:775
2025-12-07T12:12:33.446533Z [info     ] Sync 1 DAGs                    [airflow.serialization.serialized_objects] loc=serialized_objects.py:2893
2025-12-07T12:12:33.457819Z [info     ] Setting next_dagrun for two_task_dag to None, run_after=None [airflow.models.dag] loc=dag.py:688
2025-12-07T12:12:33.515982Z [info     ] Sync 1 DAGs                    [airflow.serialization.serialized_objects] loc=serialized_objects.py:2893
2025-12-07T12:12:33.519011Z [info     ] Setting next_dagrun for one_task_dag to None, run_after=None [airflow.models.dag] loc=dag.py:688
2025-12-07T12:12:38.565723Z [info     ] Not time to refresh bundle dags-folder [airflow.dag_processing.manager.DagFileProcessorManager] loc=manager.py:550
2025-12-07T12:12:43.609461Z [info     ] Not time to refresh bundle dags-folder [airflow.dag_processing.manager.DagFileProcessorManager] loc=manager.py:550
2025-12-07T12:12:48.660648Z [info     ] Not time to refresh bundle dags-folder [airflow.dag_processing.manager.DagFileProcessorManager] loc=manager.py:550
2025-12-07T12:12:53.697837Z [info     ] Not time to refresh bundle dags-folder [airflow.dag_processing.manager.DagFileProcessorManager] loc=manager.py:550
2025-12-07T12:12:58.741076Z [info     ] Not time to refresh bundle dags-folder [airflow.dag_processing.manager.DagFileProcessorManager] loc=manager.py:550
2025-12-07T12:13:03.777229Z [info     ] 
================================================================================
DAG File Processing Stats

Bundle       File Path         PID    Current Duration      # DAGs    # Errors  Last Duration    Last Run At
-----------  ----------------  -----  ------------------  --------  ----------  ---------------  -------------------
dags-folder  one_task_dags.py                                    1           0  0.16s            2025-12-07T12:12:33
dags-folder  two_task_dag.py                                     1           0  0.10s            2025-12-07T12:12:33
================================================================================ [airflow.dag_processing.manager.DagFileProcessorManager] loc=manager.py:775
2025-12-07T12:13:03.787254Z [info     ] Not time to refresh bundle dags-folder [airflow.dag_processing.manager.DagFileProcessorManager] loc=manager.py:550
2025-12-07T12:13:03.859280Z [info     ] Sync 1 DAGs                    [airflow.serialization.serialized_objects] loc=serialized_objects.py:2893
2025-12-07T12:13:03.863115Z [info     ] Setting next_dagrun for two_task_dag to None, run_after=None [airflow.models.dag] loc=dag.py:688
2025-12-07T12:13:03.883474Z [info     ] Sync 1 DAGs                    [airflow.serialization.serialized_objects] loc=serialized_objects.py:2893
2025-12-07T12:13:03.885002Z [info     ] Setting next_dagrun for one_task_dag to None, run_after=None [airflow.models.dag] loc=dag.py:688
2025-12-07T12:13:08.915512Z [info     ] Not time to refresh bundle dags-folder [airflow.dag_processing.manager.DagFileProcessorManager] loc=manager.py:550
2025-12-07T12:13:13.962937Z [info     ] Not time to refresh bundle dags-folder [airflow.dag_processing.manager.DagFileProcessorManager] loc=manager.py:550
2025-12-07T12:13:19.009889Z [info     ] Not time to refresh bundle dags-folder [airflow.dag_processing.manager.DagFileProcessorManager] loc=manager.py:550
2025-12-07T12:13:24.057388Z [info     ] Not time to refresh bundle dags-folder [airflow.dag_processing.manager.DagFileProcessorManager] loc=manager.py:550
2025-12-07T12:13:29.105217Z [info     ] Not time to refresh bundle dags-folder [airflow.dag_processing.manager.DagFileProcessorManager] loc=manager.py:550
2025-12-07T12:13:34.150168Z [info     ] 
================================================================================
DAG File Processing Stats

Bundle       File Path         PID    Current Duration      # DAGs    # Errors  Last Duration    Last Run At
-----------  ----------------  -----  ------------------  --------  ----------  ---------------  -------------------
dags-folder  one_task_dags.py                                    1           0  0.08s            2025-12-07T12:13:03
dags-folder  two_task_dag.py                                     1           0  0.07s            2025-12-07T12:13:03
================================================================================ [airflow.dag_processing.manager.DagFileProcessorManager] loc=manager.py:775
2025-12-07T12:13:34.160216Z [info     ] Not time to refresh bundle dags-folder [airflow.dag_processing.manager.DagFileProcessorManager] loc=manager.py:550
2025-12-07T12:13:34.226782Z [info     ] Sync 1 DAGs                    [airflow.serialization.serialized_objects] loc=serialized_objects.py:2893
2025-12-07T12:13:34.232857Z [info     ] Setting next_dagrun for one_task_dag to None, run_after=None [airflow.models.dag] loc=dag.py:688
2025-12-07T12:13:34.261723Z [info     ] Sync 1 DAGs                    [airflow.serialization.serialized_objects] loc=serialized_objects.py:2893
2025-12-07T12:13:34.264642Z [info     ] Setting next_dagrun for two_task_dag to None, run_after=None [airflow.models.dag] loc=dag.py:688
2025-12-07T12:13:39.312255Z [info     ] Not time to refresh bundle dags-folder [airflow.dag_processing.manager.DagFileProcessorManager] loc=manager.py:550
2025-12-07T12:13:44.355249Z [info     ] Not time to refresh bundle dags-folder [airflow.dag_processing.manager.DagFileProcessorManager] loc=manager.py:550
2025-12-07T12:13:49.396395Z [info     ] Not time to refresh bundle dags-folder [airflow.dag_processing.manager.DagFileProcessorManager] loc=manager.py:550
2025-12-07T12:13:54.445725Z [info     ] Not time to refresh bundle dags-folder [airflow.dag_processing.manager.DagFileProcessorManager] loc=manager.py:550
2025-12-07T12:13:59.488460Z [info     ] Not time to refresh bundle dags-folder [airflow.dag_processing.manager.DagFileProcessorManager] loc=manager.py:550
2025-12-07T12:14:04.522452Z [info     ] 
================================================================================
DAG File Processing Stats

Bundle       File Path         PID    Current Duration      # DAGs    # Errors  Last Duration    Last Run At
-----------  ----------------  -----  ------------------  --------  ----------  ---------------  -------------------
dags-folder  two_task_dag.py                                     1           0  0.10s            2025-12-07T12:13:34
dags-folder  one_task_dags.py                                    1           0  0.05s            2025-12-07T12:13:34
================================================================================ [airflow.dag_processing.manager.DagFileProcessorManager] loc=manager.py:775
2025-12-07T12:14:04.532539Z [info     ] Not time to refresh bundle dags-folder [airflow.dag_processing.manager.DagFileProcessorManager] loc=manager.py:550
2025-12-07T12:14:04.611150Z [info     ] Sync 1 DAGs                    [airflow.serialization.serialized_objects] loc=serialized_objects.py:2893
2025-12-07T12:14:04.615106Z [info     ] Setting next_dagrun for two_task_dag to None, run_after=None [airflow.models.dag] loc=dag.py:688
2025-12-07T12:14:04.635802Z [info     ] Sync 1 DAGs                    [airflow.serialization.serialized_objects] loc=serialized_objects.py:2893
2025-12-07T12:14:04.637526Z [info     ] Setting next_dagrun for one_task_dag to None, run_after=None [airflow.models.dag] loc=dag.py:688
2025-12-07T12:14:09.664579Z [info     ] Not time to refresh bundle dags-folder [airflow.dag_processing.manager.DagFileProcessorManager] loc=manager.py:550
2025-12-07T12:14:14.718881Z [info     ] Not time to refresh bundle dags-folder [airflow.dag_processing.manager.DagFileProcessorManager] loc=manager.py:550
2025-12-07T12:14:19.780923Z [info     ] Not time to refresh bundle dags-folder [airflow.dag_processing.manager.DagFileProcessorManager] loc=manager.py:550
2025-12-07T12:14:24.824510Z [info     ] Not time to refresh bundle dags-folder [airflow.dag_processing.manager.DagFileProcessorManager] loc=manager.py:550
2025-12-07T12:14:27.948511Z [info     ] Exiting gracefully upon receiving signal 15 [airflow.dag_processing.manager.DagFileProcessorManager] loc=manager.py:239
/home/vscode/.local/lib/python3.10/site-packages/airflow/providers/fab/auth_manager/fab_auth_manager.py:108 RemovedInAirflow4Warning: The airflow.security.permissions module is deprecated; please see https://airflow.apache.org/docs/apache-airflow/stable/security/deprecated_permissions.html
2025-12-07T12:18:03.356465Z [info     ] Starting the Dag Processor Job [airflow.jobs.dag_processor_job_runner.DagProcessorJobRunner] loc=dag_processor_job_runner.py:59
2025-12-07T12:18:03.356884Z [info     ] Processing files using up to 2 processes at a time  [airflow.dag_processing.manager.DagFileProcessorManager] loc=manager.py:265
2025-12-07T12:18:03.356989Z [info     ] Process each file at most once every 30 seconds [airflow.dag_processing.manager.DagFileProcessorManager] loc=manager.py:266
2025-12-07T12:18:03.357577Z [info     ] DAG bundles loaded: dags-folder [airflow.dag_processing.bundles.manager.DagBundlesManager] loc=manager.py:179
2025-12-07T12:18:03.361666Z [info     ] DAG bundles loaded: dags-folder [airflow.dag_processing.bundles.manager.DagBundlesManager] loc=manager.py:179
2025-12-07T12:18:03.361905Z [info     ] Checking for new files in bundle dags-folder every 300 seconds [airflow.dag_processing.manager.DagFileProcessorManager] loc=manager.py:276
2025-12-07T12:18:03.367478Z [info     ] Refreshing bundle dags-folder  [airflow.dag_processing.manager.DagFileProcessorManager] loc=manager.py:553
2025-12-07T12:18:03.371672Z [info     ] Searching for files in dags-folder at /workspaces/hands-on-introduction-data-engineering-4395021/airflow/dags [airflow.dag_processing.manager.DagFileProcessorManager] loc=manager.py:604
2025-12-07T12:18:03.372730Z [info     ] Found 2 files for bundle dags-folder [airflow.dag_processing.manager.DagFileProcessorManager] loc=manager.py:606
/home/vscode/.local/lib/python3.10/site-packages/airflow/api_fastapi/execution_api/routes/__init__.py:23 DeprecationWarning: 'HTTP_422_UNPROCESSABLE_ENTITY' is deprecated. Use 'HTTP_422_UNPROCESSABLE_CONTENT' instead.
2025-12-07T12:18:03.839521Z [info     ] 
================================================================================
DAG File Processing Stats

Bundle       File Path           PID  Current Duration      # DAGs    # Errors  Last Duration    Last Run At
-----------  ----------------  -----  ------------------  --------  ----------  ---------------  -------------
dags-folder  two_task_dag.py   66000  0.03s                      0           0
dags-folder  one_task_dags.py  66001  0.02s                      0           0
================================================================================ [airflow.dag_processing.manager.DagFileProcessorManager] loc=manager.py:775
2025-12-07T12:18:03.883950Z [info     ] Sync 1 DAGs                    [airflow.serialization.serialized_objects] loc=serialized_objects.py:2893
2025-12-07T12:18:03.895347Z [info     ] Setting next_dagrun for two_task_dag to None, run_after=None [airflow.models.dag] loc=dag.py:688
2025-12-07T12:18:03.955008Z [info     ] Sync 1 DAGs                    [airflow.serialization.serialized_objects] loc=serialized_objects.py:2893
2025-12-07T12:18:03.958100Z [info     ] Setting next_dagrun for one_task_dag to None, run_after=None [airflow.models.dag] loc=dag.py:688
2025-12-07T12:18:09.002594Z [info     ] Not time to refresh bundle dags-folder [airflow.dag_processing.manager.DagFileProcessorManager] loc=manager.py:550
2025-12-07T12:18:12.766388Z [info     ] Exiting gracefully upon receiving signal 15 [airflow.dag_processing.manager.DagFileProcessorManager] loc=manager.py:239
/home/vscode/.local/lib/python3.10/site-packages/airflow/providers/fab/auth_manager/fab_auth_manager.py:108 RemovedInAirflow4Warning: The airflow.security.permissions module is deprecated; please see https://airflow.apache.org/docs/apache-airflow/stable/security/deprecated_permissions.html
2025-12-07T12:18:30.080256Z [info     ] Starting the Dag Processor Job [airflow.jobs.dag_processor_job_runner.DagProcessorJobRunner] loc=dag_processor_job_runner.py:59
2025-12-07T12:18:30.080912Z [info     ] Processing files using up to 2 processes at a time  [airflow.dag_processing.manager.DagFileProcessorManager] loc=manager.py:265
2025-12-07T12:18:30.081269Z [info     ] Process each file at most once every 30 seconds [airflow.dag_processing.manager.DagFileProcessorManager] loc=manager.py:266
2025-12-07T12:18:30.082243Z [info     ] DAG bundles loaded: dags-folder [airflow.dag_processing.bundles.manager.DagBundlesManager] loc=manager.py:179
2025-12-07T12:18:30.089994Z [info     ] DAG bundles loaded: dags-folder [airflow.dag_processing.bundles.manager.DagBundlesManager] loc=manager.py:179
2025-12-07T12:18:30.090435Z [info     ] Checking for new files in bundle dags-folder every 300 seconds [airflow.dag_processing.manager.DagFileProcessorManager] loc=manager.py:276
2025-12-07T12:18:30.100528Z [info     ] Refreshing bundle dags-folder  [airflow.dag_processing.manager.DagFileProcessorManager] loc=manager.py:553
2025-12-07T12:18:30.105812Z [info     ] Searching for files in dags-folder at /workspaces/hands-on-introduction-data-engineering-4395021/airflow/dags [airflow.dag_processing.manager.DagFileProcessorManager] loc=manager.py:604
2025-12-07T12:18:30.107704Z [info     ] Found 2 files for bundle dags-folder [airflow.dag_processing.manager.DagFileProcessorManager] loc=manager.py:606
/home/vscode/.local/lib/python3.10/site-packages/airflow/api_fastapi/execution_api/routes/__init__.py:23 DeprecationWarning: 'HTTP_422_UNPROCESSABLE_ENTITY' is deprecated. Use 'HTTP_422_UNPROCESSABLE_CONTENT' instead.
2025-12-07T12:18:30.848231Z [info     ] 
================================================================================
DAG File Processing Stats

Bundle       File Path           PID  Current Duration      # DAGs    # Errors  Last Duration    Last Run At
-----------  ----------------  -----  ------------------  --------  ----------  ---------------  -------------
dags-folder  two_task_dag.py   66281  0.08s                      0           0
dags-folder  one_task_dags.py  66283  0.06s                      0           0
================================================================================ [airflow.dag_processing.manager.DagFileProcessorManager] loc=manager.py:775
2025-12-07T12:18:30.875516Z [info     ] Sync 1 DAGs                    [airflow.serialization.serialized_objects] loc=serialized_objects.py:2893
2025-12-07T12:18:30.892542Z [info     ] Setting next_dagrun for two_task_dag to None, run_after=None [airflow.models.dag] loc=dag.py:688
2025-12-07T12:18:31.003191Z [info     ] Sync 1 DAGs                    [airflow.serialization.serialized_objects] loc=serialized_objects.py:2893
2025-12-07T12:18:31.007835Z [info     ] Setting next_dagrun for one_task_dag to None, run_after=None [airflow.models.dag] loc=dag.py:688
2025-12-07T12:18:36.049641Z [info     ] Not time to refresh bundle dags-folder [airflow.dag_processing.manager.DagFileProcessorManager] loc=manager.py:550
2025-12-07T12:18:41.099487Z [info     ] Not time to refresh bundle dags-folder [airflow.dag_processing.manager.DagFileProcessorManager] loc=manager.py:550
2025-12-07T12:18:46.144230Z [info     ] Not time to refresh bundle dags-folder [airflow.dag_processing.manager.DagFileProcessorManager] loc=manager.py:550
2025-12-07T12:18:51.186515Z [info     ] Not time to refresh bundle dags-folder [airflow.dag_processing.manager.DagFileProcessorManager] loc=manager.py:550
2025-12-07T12:18:56.232593Z [info     ] Not time to refresh bundle dags-folder [airflow.dag_processing.manager.DagFileProcessorManager] loc=manager.py:550
2025-12-07T12:19:01.268560Z [info     ] 
================================================================================
DAG File Processing Stats

Bundle       File Path         PID    Current Duration      # DAGs    # Errors  Last Duration    Last Run At
-----------  ----------------  -----  ------------------  --------  ----------  ---------------  -------------------
dags-folder  one_task_dags.py                                    1           0  0.21s            2025-12-07T12:18:31
dags-folder  two_task_dag.py                                     1           0  0.10s            2025-12-07T12:18:30
================================================================================ [airflow.dag_processing.manager.DagFileProcessorManager] loc=manager.py:775
2025-12-07T12:19:01.278225Z [info     ] Not time to refresh bundle dags-folder [airflow.dag_processing.manager.DagFileProcessorManager] loc=manager.py:550
2025-12-07T12:19:01.392037Z [info     ] Sync 1 DAGs                    [airflow.serialization.serialized_objects] loc=serialized_objects.py:2893
2025-12-07T12:19:01.403454Z [info     ] Setting next_dagrun for two_task_dag to None, run_after=None [airflow.models.dag] loc=dag.py:688
2025-12-07T12:19:01.430684Z [info     ] Sync 1 DAGs                    [airflow.serialization.serialized_objects] loc=serialized_objects.py:2893
2025-12-07T12:19:01.433466Z [info     ] Setting next_dagrun for one_task_dag to None, run_after=None [airflow.models.dag] loc=dag.py:688
2025-12-07T12:19:05.342741Z [info     ] Exiting gracefully upon receiving signal 15 [airflow.dag_processing.manager.DagFileProcessorManager] loc=manager.py:239
/home/vscode/.local/lib/python3.10/site-packages/airflow/providers/fab/auth_manager/fab_auth_manager.py:108 RemovedInAirflow4Warning: The airflow.security.permissions module is deprecated; please see https://airflow.apache.org/docs/apache-airflow/stable/security/deprecated_permissions.html
2025-12-07T12:19:24.225082Z [info     ] Starting the Dag Processor Job [airflow.jobs.dag_processor_job_runner.DagProcessorJobRunner] loc=dag_processor_job_runner.py:59
2025-12-07T12:19:24.225689Z [info     ] Processing files using up to 2 processes at a time  [airflow.dag_processing.manager.DagFileProcessorManager] loc=manager.py:265
2025-12-07T12:19:24.225850Z [info     ] Process each file at most once every 30 seconds [airflow.dag_processing.manager.DagFileProcessorManager] loc=manager.py:266
2025-12-07T12:19:24.226670Z [info     ] DAG bundles loaded: dags-folder [airflow.dag_processing.bundles.manager.DagBundlesManager] loc=manager.py:179
2025-12-07T12:19:24.233073Z [info     ] DAG bundles loaded: dags-folder [airflow.dag_processing.bundles.manager.DagBundlesManager] loc=manager.py:179
2025-12-07T12:19:24.233389Z [info     ] Checking for new files in bundle dags-folder every 300 seconds [airflow.dag_processing.manager.DagFileProcessorManager] loc=manager.py:276
2025-12-07T12:19:24.242101Z [info     ] Refreshing bundle dags-folder  [airflow.dag_processing.manager.DagFileProcessorManager] loc=manager.py:553
2025-12-07T12:19:24.246853Z [info     ] Searching for files in dags-folder at /workspaces/hands-on-introduction-data-engineering-4395021/airflow/dags [airflow.dag_processing.manager.DagFileProcessorManager] loc=manager.py:604
2025-12-07T12:19:24.248446Z [info     ] Found 2 files for bundle dags-folder [airflow.dag_processing.manager.DagFileProcessorManager] loc=manager.py:606
/home/vscode/.local/lib/python3.10/site-packages/airflow/api_fastapi/execution_api/routes/__init__.py:23 DeprecationWarning: 'HTTP_422_UNPROCESSABLE_ENTITY' is deprecated. Use 'HTTP_422_UNPROCESSABLE_CONTENT' instead.
2025-12-07T12:19:24.961676Z [info     ] 
================================================================================
DAG File Processing Stats

Bundle       File Path           PID  Current Duration      # DAGs    # Errors  Last Duration    Last Run At
-----------  ----------------  -----  ------------------  --------  ----------  ---------------  -------------
dags-folder  one_task_dags.py  66809  0.04s                      0           0
dags-folder  two_task_dag.py   66808  0.05s                      0           0
================================================================================ [airflow.dag_processing.manager.DagFileProcessorManager] loc=manager.py:775
2025-12-07T12:19:24.981701Z [info     ] Sync 1 DAGs                    [airflow.serialization.serialized_objects] loc=serialized_objects.py:2893
2025-12-07T12:19:24.995335Z [info     ] Setting next_dagrun for two_task_dag to None, run_after=None [airflow.models.dag] loc=dag.py:688
2025-12-07T12:19:25.054331Z [info     ] Sync 1 DAGs                    [airflow.serialization.serialized_objects] loc=serialized_objects.py:2893
2025-12-07T12:19:25.057383Z [info     ] Setting next_dagrun for one_task_dag to None, run_after=None [airflow.models.dag] loc=dag.py:688
2025-12-07T12:19:30.104160Z [info     ] Not time to refresh bundle dags-folder [airflow.dag_processing.manager.DagFileProcessorManager] loc=manager.py:550
2025-12-07T12:19:35.241591Z [info     ] Not time to refresh bundle dags-folder [airflow.dag_processing.manager.DagFileProcessorManager] loc=manager.py:550
2025-12-07T12:19:40.310889Z [info     ] Not time to refresh bundle dags-folder [airflow.dag_processing.manager.DagFileProcessorManager] loc=manager.py:550
2025-12-07T12:19:45.357987Z [info     ] Not time to refresh bundle dags-folder [airflow.dag_processing.manager.DagFileProcessorManager] loc=manager.py:550
2025-12-07T12:19:50.400460Z [info     ] Not time to refresh bundle dags-folder [airflow.dag_processing.manager.DagFileProcessorManager] loc=manager.py:550
2025-12-07T12:19:55.346650Z [info     ] 
================================================================================
DAG File Processing Stats

Bundle       File Path         PID    Current Duration      # DAGs    # Errors  Last Duration    Last Run At
-----------  ----------------  -----  ------------------  --------  ----------  ---------------  -------------------
dags-folder  one_task_dags.py                                    1           0  0.14s            2025-12-07T12:19:25
dags-folder  two_task_dag.py                                     1           0  0.07s            2025-12-07T12:19:24
================================================================================ [airflow.dag_processing.manager.DagFileProcessorManager] loc=manager.py:775
2025-12-07T12:19:55.413286Z [info     ] Not time to refresh bundle dags-folder [airflow.dag_processing.manager.DagFileProcessorManager] loc=manager.py:550
2025-12-07T12:19:55.428965Z [info     ] Sync 1 DAGs                    [airflow.serialization.serialized_objects] loc=serialized_objects.py:2893
2025-12-07T12:19:55.432775Z [info     ] Setting next_dagrun for two_task_dag to None, run_after=None [airflow.models.dag] loc=dag.py:688
2025-12-07T12:19:55.452872Z [info     ] Sync 1 DAGs                    [airflow.serialization.serialized_objects] loc=serialized_objects.py:2893
2025-12-07T12:19:55.454482Z [info     ] Setting next_dagrun for one_task_dag to None, run_after=None [airflow.models.dag] loc=dag.py:688
2025-12-07T12:20:00.487168Z [info     ] Not time to refresh bundle dags-folder [airflow.dag_processing.manager.DagFileProcessorManager] loc=manager.py:550
2025-12-07T12:20:05.536836Z [info     ] Not time to refresh bundle dags-folder [airflow.dag_processing.manager.DagFileProcessorManager] loc=manager.py:550
2025-12-07T12:20:10.592611Z [info     ] Not time to refresh bundle dags-folder [airflow.dag_processing.manager.DagFileProcessorManager] loc=manager.py:550
2025-12-07T12:20:15.634903Z [info     ] Not time to refresh bundle dags-folder [airflow.dag_processing.manager.DagFileProcessorManager] loc=manager.py:550
2025-12-07T12:20:20.677486Z [info     ] Not time to refresh bundle dags-folder [airflow.dag_processing.manager.DagFileProcessorManager] loc=manager.py:550
2025-12-07T12:20:25.717710Z [info     ] 
================================================================================
DAG File Processing Stats

Bundle       File Path         PID    Current Duration      # DAGs    # Errors  Last Duration    Last Run At
-----------  ----------------  -----  ------------------  --------  ----------  ---------------  -------------------
dags-folder  one_task_dags.py                                    1           0  0.08s            2025-12-07T12:19:55
dags-folder  two_task_dag.py                                     1           0  0.07s            2025-12-07T12:19:55
================================================================================ [airflow.dag_processing.manager.DagFileProcessorManager] loc=manager.py:775
2025-12-07T12:20:25.727187Z [info     ] Not time to refresh bundle dags-folder [airflow.dag_processing.manager.DagFileProcessorManager] loc=manager.py:550
2025-12-07T12:20:25.820253Z [info     ] Sync 1 DAGs                    [airflow.serialization.serialized_objects] loc=serialized_objects.py:2893
2025-12-07T12:20:25.827486Z [info     ] Setting next_dagrun for two_task_dag to None, run_after=None [airflow.models.dag] loc=dag.py:688
2025-12-07T12:20:25.855294Z [info     ] Sync 1 DAGs                    [airflow.serialization.serialized_objects] loc=serialized_objects.py:2893
2025-12-07T12:20:25.857149Z [info     ] Setting next_dagrun for one_task_dag to None, run_after=None [airflow.models.dag] loc=dag.py:688
2025-12-07T12:20:30.879242Z [info     ] Not time to refresh bundle dags-folder [airflow.dag_processing.manager.DagFileProcessorManager] loc=manager.py:550
2025-12-07T12:20:35.919471Z [info     ] Not time to refresh bundle dags-folder [airflow.dag_processing.manager.DagFileProcessorManager] loc=manager.py:550
2025-12-07T12:20:40.963475Z [info     ] Not time to refresh bundle dags-folder [airflow.dag_processing.manager.DagFileProcessorManager] loc=manager.py:550
2025-12-07T12:20:46.006433Z [info     ] Not time to refresh bundle dags-folder [airflow.dag_processing.manager.DagFileProcessorManager] loc=manager.py:550
2025-12-07T12:20:51.048983Z [info     ] Not time to refresh bundle dags-folder [airflow.dag_processing.manager.DagFileProcessorManager] loc=manager.py:550
2025-12-07T12:20:56.080585Z [info     ] 
================================================================================
DAG File Processing Stats

Bundle       File Path         PID    Current Duration      # DAGs    # Errors  Last Duration    Last Run At
-----------  ----------------  -----  ------------------  --------  ----------  ---------------  -------------------
dags-folder  one_task_dags.py                                    1           0  0.11s            2025-12-07T12:20:25
dags-folder  two_task_dag.py                                     1           0  0.09s            2025-12-07T12:20:25
================================================================================ [airflow.dag_processing.manager.DagFileProcessorManager] loc=manager.py:775
2025-12-07T12:20:56.090462Z [info     ] Not time to refresh bundle dags-folder [airflow.dag_processing.manager.DagFileProcessorManager] loc=manager.py:550
2025-12-07T12:20:56.165182Z [info     ] Sync 1 DAGs                    [airflow.serialization.serialized_objects] loc=serialized_objects.py:2893
2025-12-07T12:20:56.168917Z [info     ] Setting next_dagrun for two_task_dag to None, run_after=None [airflow.models.dag] loc=dag.py:688
2025-12-07T12:20:56.192113Z [info     ] Sync 1 DAGs                    [airflow.serialization.serialized_objects] loc=serialized_objects.py:2893
2025-12-07T12:20:56.194274Z [info     ] Setting next_dagrun for one_task_dag to None, run_after=None [airflow.models.dag] loc=dag.py:688
2025-12-07T12:21:01.223069Z [info     ] Not time to refresh bundle dags-folder [airflow.dag_processing.manager.DagFileProcessorManager] loc=manager.py:550
2025-12-07T12:21:06.270567Z [info     ] Not time to refresh bundle dags-folder [airflow.dag_processing.manager.DagFileProcessorManager] loc=manager.py:550
2025-12-07T12:21:11.320364Z [info     ] Not time to refresh bundle dags-folder [airflow.dag_processing.manager.DagFileProcessorManager] loc=manager.py:550
2025-12-07T12:21:16.370131Z [info     ] Not time to refresh bundle dags-folder [airflow.dag_processing.manager.DagFileProcessorManager] loc=manager.py:550
2025-12-07T12:21:21.419277Z [info     ] Not time to refresh bundle dags-folder [airflow.dag_processing.manager.DagFileProcessorManager] loc=manager.py:550
2025-12-07T12:21:26.469313Z [info     ] 
================================================================================
DAG File Processing Stats

Bundle       File Path         PID    Current Duration      # DAGs    # Errors  Last Duration    Last Run At
-----------  ----------------  -----  ------------------  --------  ----------  ---------------  -------------------
dags-folder  one_task_dags.py                                    1           0  0.09s            2025-12-07T12:20:56
dags-folder  two_task_dag.py                                     1           0  0.07s            2025-12-07T12:20:56
================================================================================ [airflow.dag_processing.manager.DagFileProcessorManager] loc=manager.py:775
2025-12-07T12:21:26.482249Z [info     ] Not time to refresh bundle dags-folder [airflow.dag_processing.manager.DagFileProcessorManager] loc=manager.py:550
2025-12-07T12:21:26.567608Z [info     ] Sync 1 DAGs                    [airflow.serialization.serialized_objects] loc=serialized_objects.py:2893
2025-12-07T12:21:26.577665Z [info     ] Setting next_dagrun for one_task_dag to None, run_after=None [airflow.models.dag] loc=dag.py:688
2025-12-07T12:21:26.607947Z [info     ] Sync 1 DAGs                    [airflow.serialization.serialized_objects] loc=serialized_objects.py:2893
2025-12-07T12:21:26.610916Z [info     ] Setting next_dagrun for two_task_dag to None, run_after=None [airflow.models.dag] loc=dag.py:688
2025-12-07T12:21:31.664367Z [info     ] Not time to refresh bundle dags-folder [airflow.dag_processing.manager.DagFileProcessorManager] loc=manager.py:550
2025-12-07T12:21:36.712456Z [info     ] Not time to refresh bundle dags-folder [airflow.dag_processing.manager.DagFileProcessorManager] loc=manager.py:550
2025-12-07T12:21:41.755582Z [info     ] Not time to refresh bundle dags-folder [airflow.dag_processing.manager.DagFileProcessorManager] loc=manager.py:550
2025-12-07T12:21:46.796504Z [info     ] Not time to refresh bundle dags-folder [airflow.dag_processing.manager.DagFileProcessorManager] loc=manager.py:550
2025-12-07T12:21:51.840223Z [info     ] Not time to refresh bundle dags-folder [airflow.dag_processing.manager.DagFileProcessorManager] loc=manager.py:550
2025-12-07T12:21:56.875661Z [info     ] 
================================================================================
DAG File Processing Stats

Bundle       File Path         PID    Current Duration      # DAGs    # Errors  Last Duration    Last Run At
-----------  ----------------  -----  ------------------  --------  ----------  ---------------  -------------------
dags-folder  two_task_dag.py                                     1           0  0.12s            2025-12-07T12:21:26
dags-folder  one_task_dags.py                                    1           0  0.07s            2025-12-07T12:21:26
================================================================================ [airflow.dag_processing.manager.DagFileProcessorManager] loc=manager.py:775
2025-12-07T12:21:56.885508Z [info     ] Not time to refresh bundle dags-folder [airflow.dag_processing.manager.DagFileProcessorManager] loc=manager.py:550
2025-12-07T12:21:56.976424Z [info     ] Sync 1 DAGs                    [airflow.serialization.serialized_objects] loc=serialized_objects.py:2893
2025-12-07T12:21:56.982349Z [info     ] Setting next_dagrun for two_task_dag to None, run_after=None [airflow.models.dag] loc=dag.py:688
2025-12-07T12:21:57.006573Z [info     ] Sync 1 DAGs                    [airflow.serialization.serialized_objects] loc=serialized_objects.py:2893
2025-12-07T12:21:57.008321Z [info     ] Setting next_dagrun for one_task_dag to None, run_after=None [airflow.models.dag] loc=dag.py:688
2025-12-07T12:22:02.045687Z [info     ] Not time to refresh bundle dags-folder [airflow.dag_processing.manager.DagFileProcessorManager] loc=manager.py:550
2025-12-07T12:22:07.075996Z [info     ] Not time to refresh bundle dags-folder [airflow.dag_processing.manager.DagFileProcessorManager] loc=manager.py:550
2025-12-07T12:22:12.118221Z [info     ] Not time to refresh bundle dags-folder [airflow.dag_processing.manager.DagFileProcessorManager] loc=manager.py:550
2025-12-07T12:22:17.161259Z [info     ] Not time to refresh bundle dags-folder [airflow.dag_processing.manager.DagFileProcessorManager] loc=manager.py:550
2025-12-07T12:22:22.206359Z [info     ] Not time to refresh bundle dags-folder [airflow.dag_processing.manager.DagFileProcessorManager] loc=manager.py:550
2025-12-07T12:22:27.241484Z [info     ] 
================================================================================
DAG File Processing Stats

Bundle       File Path         PID    Current Duration      # DAGs    # Errors  Last Duration    Last Run At
-----------  ----------------  -----  ------------------  --------  ----------  ---------------  -------------------
dags-folder  one_task_dags.py                                    1           0  0.11s            2025-12-07T12:21:57
dags-folder  two_task_dag.py                                     1           0  0.09s            2025-12-07T12:21:56
================================================================================ [airflow.dag_processing.manager.DagFileProcessorManager] loc=manager.py:775
2025-12-07T12:22:27.251152Z [info     ] Not time to refresh bundle dags-folder [airflow.dag_processing.manager.DagFileProcessorManager] loc=manager.py:550
2025-12-07T12:22:27.322106Z [info     ] Sync 1 DAGs                    [airflow.serialization.serialized_objects] loc=serialized_objects.py:2893
2025-12-07T12:22:27.326053Z [info     ] Setting next_dagrun for two_task_dag to None, run_after=None [airflow.models.dag] loc=dag.py:688
2025-12-07T12:22:27.345521Z [info     ] Sync 1 DAGs                    [airflow.serialization.serialized_objects] loc=serialized_objects.py:2893
2025-12-07T12:22:27.347263Z [info     ] Setting next_dagrun for one_task_dag to None, run_after=None [airflow.models.dag] loc=dag.py:688
2025-12-07T12:22:32.381058Z [info     ] Not time to refresh bundle dags-folder [airflow.dag_processing.manager.DagFileProcessorManager] loc=manager.py:550
2025-12-07T12:22:37.440162Z [info     ] Not time to refresh bundle dags-folder [airflow.dag_processing.manager.DagFileProcessorManager] loc=manager.py:550
2025-12-07T12:22:42.490370Z [info     ] Not time to refresh bundle dags-folder [airflow.dag_processing.manager.DagFileProcessorManager] loc=manager.py:550
2025-12-07T12:22:47.533939Z [info     ] Not time to refresh bundle dags-folder [airflow.dag_processing.manager.DagFileProcessorManager] loc=manager.py:550
2025-12-07T12:22:52.578904Z [info     ] Not time to refresh bundle dags-folder [airflow.dag_processing.manager.DagFileProcessorManager] loc=manager.py:550
2025-12-07T12:22:57.612909Z [info     ] 
================================================================================
DAG File Processing Stats

Bundle       File Path         PID    Current Duration      # DAGs    # Errors  Last Duration    Last Run At
-----------  ----------------  -----  ------------------  --------  ----------  ---------------  -------------------
dags-folder  one_task_dags.py                                    1           0  0.08s            2025-12-07T12:22:27
dags-folder  two_task_dag.py                                     1           0  0.07s            2025-12-07T12:22:27
================================================================================ [airflow.dag_processing.manager.DagFileProcessorManager] loc=manager.py:775
2025-12-07T12:22:57.622844Z [info     ] Not time to refresh bundle dags-folder [airflow.dag_processing.manager.DagFileProcessorManager] loc=manager.py:550
2025-12-07T12:22:57.707447Z [info     ] Sync 1 DAGs                    [airflow.serialization.serialized_objects] loc=serialized_objects.py:2893
2025-12-07T12:22:57.713191Z [info     ] Setting next_dagrun for two_task_dag to None, run_after=None [airflow.models.dag] loc=dag.py:688
2025-12-07T12:22:57.739681Z [info     ] Sync 1 DAGs                    [airflow.serialization.serialized_objects] loc=serialized_objects.py:2893
2025-12-07T12:22:57.742471Z [info     ] Setting next_dagrun for one_task_dag to None, run_after=None [airflow.models.dag] loc=dag.py:688
2025-12-07T12:23:02.789893Z [info     ] Not time to refresh bundle dags-folder [airflow.dag_processing.manager.DagFileProcessorManager] loc=manager.py:550
2025-12-07T12:23:07.833452Z [info     ] Not time to refresh bundle dags-folder [airflow.dag_processing.manager.DagFileProcessorManager] loc=manager.py:550
2025-12-07T12:23:12.881941Z [info     ] Not time to refresh bundle dags-folder [airflow.dag_processing.manager.DagFileProcessorManager] loc=manager.py:550
2025-12-07T12:23:17.923920Z [info     ] Not time to refresh bundle dags-folder [airflow.dag_processing.manager.DagFileProcessorManager] loc=manager.py:550
2025-12-07T12:23:22.967975Z [info     ] Not time to refresh bundle dags-folder [airflow.dag_processing.manager.DagFileProcessorManager] loc=manager.py:550
2025-12-07T12:23:28.007972Z [info     ] 
================================================================================
DAG File Processing Stats

Bundle       File Path         PID    Current Duration      # DAGs    # Errors  Last Duration    Last Run At
-----------  ----------------  -----  ------------------  --------  ----------  ---------------  -------------------
dags-folder  one_task_dags.py                                    1           0  0.10s            2025-12-07T12:22:57
dags-folder  two_task_dag.py                                     1           0  0.08s            2025-12-07T12:22:57
================================================================================ [airflow.dag_processing.manager.DagFileProcessorManager] loc=manager.py:775
2025-12-07T12:23:28.017903Z [info     ] Not time to refresh bundle dags-folder [airflow.dag_processing.manager.DagFileProcessorManager] loc=manager.py:550
2025-12-07T12:23:28.085619Z [info     ] Sync 1 DAGs                    [airflow.serialization.serialized_objects] loc=serialized_objects.py:2893
2025-12-07T12:23:28.090793Z [info     ] Setting next_dagrun for one_task_dag to None, run_after=None [airflow.models.dag] loc=dag.py:688
2025-12-07T12:23:28.117700Z [info     ] Sync 1 DAGs                    [airflow.serialization.serialized_objects] loc=serialized_objects.py:2893
2025-12-07T12:23:28.120775Z [info     ] Setting next_dagrun for two_task_dag to None, run_after=None [airflow.models.dag] loc=dag.py:688
2025-12-07T12:23:33.170176Z [info     ] Not time to refresh bundle dags-folder [airflow.dag_processing.manager.DagFileProcessorManager] loc=manager.py:550
2025-12-07T12:23:38.214583Z [info     ] Not time to refresh bundle dags-folder [airflow.dag_processing.manager.DagFileProcessorManager] loc=manager.py:550
2025-12-07T12:23:43.269779Z [info     ] Not time to refresh bundle dags-folder [airflow.dag_processing.manager.DagFileProcessorManager] loc=manager.py:550
2025-12-07T12:23:48.318118Z [info     ] Not time to refresh bundle dags-folder [airflow.dag_processing.manager.DagFileProcessorManager] loc=manager.py:550
2025-12-07T12:23:53.363520Z [info     ] Not time to refresh bundle dags-folder [airflow.dag_processing.manager.DagFileProcessorManager] loc=manager.py:550
2025-12-07T12:23:58.400850Z [info     ] 
================================================================================
DAG File Processing Stats

Bundle       File Path         PID    Current Duration      # DAGs    # Errors  Last Duration    Last Run At
-----------  ----------------  -----  ------------------  --------  ----------  ---------------  -------------------
dags-folder  two_task_dag.py                                     1           0  0.09s            2025-12-07T12:23:28
dags-folder  one_task_dags.py                                    1           0  0.05s            2025-12-07T12:23:28
================================================================================ [airflow.dag_processing.manager.DagFileProcessorManager] loc=manager.py:775
2025-12-07T12:23:58.410907Z [info     ] Not time to refresh bundle dags-folder [airflow.dag_processing.manager.DagFileProcessorManager] loc=manager.py:550
2025-12-07T12:23:58.476617Z [info     ] Sync 1 DAGs                    [airflow.serialization.serialized_objects] loc=serialized_objects.py:2893
2025-12-07T12:23:58.481548Z [info     ] Setting next_dagrun for one_task_dag to None, run_after=None [airflow.models.dag] loc=dag.py:688
2025-12-07T12:23:58.508420Z [info     ] Sync 1 DAGs                    [airflow.serialization.serialized_objects] loc=serialized_objects.py:2893
2025-12-07T12:23:58.511462Z [info     ] Setting next_dagrun for two_task_dag to None, run_after=None [airflow.models.dag] loc=dag.py:688
2025-12-07T12:24:03.560502Z [info     ] Not time to refresh bundle dags-folder [airflow.dag_processing.manager.DagFileProcessorManager] loc=manager.py:550
2025-12-07T12:24:08.601899Z [info     ] Not time to refresh bundle dags-folder [airflow.dag_processing.manager.DagFileProcessorManager] loc=manager.py:550
2025-12-07T12:24:13.643169Z [info     ] Not time to refresh bundle dags-folder [airflow.dag_processing.manager.DagFileProcessorManager] loc=manager.py:550
2025-12-07T12:24:18.692277Z [info     ] Not time to refresh bundle dags-folder [airflow.dag_processing.manager.DagFileProcessorManager] loc=manager.py:550
2025-12-07T12:24:23.731389Z [info     ] Not time to refresh bundle dags-folder [airflow.dag_processing.manager.DagFileProcessorManager] loc=manager.py:550
2025-12-07T12:24:28.768758Z [info     ] 
================================================================================
DAG File Processing Stats

Bundle       File Path         PID    Current Duration      # DAGs    # Errors  Last Duration    Last Run At
-----------  ----------------  -----  ------------------  --------  ----------  ---------------  -------------------
dags-folder  two_task_dag.py                                     1           0  0.09s            2025-12-07T12:23:58
dags-folder  one_task_dags.py                                    1           0  0.05s            2025-12-07T12:23:58
================================================================================ [airflow.dag_processing.manager.DagFileProcessorManager] loc=manager.py:775
2025-12-07T12:24:28.778471Z [info     ] Refreshing bundle dags-folder  [airflow.dag_processing.manager.DagFileProcessorManager] loc=manager.py:553
2025-12-07T12:24:28.782603Z [info     ] Searching for files in dags-folder at /workspaces/hands-on-introduction-data-engineering-4395021/airflow/dags [airflow.dag_processing.manager.DagFileProcessorManager] loc=manager.py:604
2025-12-07T12:24:28.783743Z [info     ] Found 2 files for bundle dags-folder [airflow.dag_processing.manager.DagFileProcessorManager] loc=manager.py:606
2025-12-07T12:24:28.860910Z [info     ] Sync 1 DAGs                    [airflow.serialization.serialized_objects] loc=serialized_objects.py:2893
2025-12-07T12:24:28.865178Z [info     ] Setting next_dagrun for two_task_dag to None, run_after=None [airflow.models.dag] loc=dag.py:688
2025-12-07T12:24:28.885975Z [info     ] Sync 1 DAGs                    [airflow.serialization.serialized_objects] loc=serialized_objects.py:2893
2025-12-07T12:24:28.887615Z [info     ] Setting next_dagrun for one_task_dag to None, run_after=None [airflow.models.dag] loc=dag.py:688
2025-12-07T12:24:33.918641Z [info     ] Not time to refresh bundle dags-folder [airflow.dag_processing.manager.DagFileProcessorManager] loc=manager.py:550
2025-12-07T12:24:38.968212Z [info     ] Not time to refresh bundle dags-folder [airflow.dag_processing.manager.DagFileProcessorManager] loc=manager.py:550
2025-12-07T12:24:44.018233Z [info     ] Not time to refresh bundle dags-folder [airflow.dag_processing.manager.DagFileProcessorManager] loc=manager.py:550
2025-12-07T12:24:49.069228Z [info     ] Not time to refresh bundle dags-folder [airflow.dag_processing.manager.DagFileProcessorManager] loc=manager.py:550
2025-12-07T12:24:54.130866Z [info     ] Not time to refresh bundle dags-folder [airflow.dag_processing.manager.DagFileProcessorManager] loc=manager.py:550
2025-12-07T12:24:59.164470Z [info     ] 
================================================================================
DAG File Processing Stats

Bundle       File Path         PID    Current Duration      # DAGs    # Errors  Last Duration    Last Run At
-----------  ----------------  -----  ------------------  --------  ----------  ---------------  -------------------
dags-folder  one_task_dags.py                                    1           0  0.08s            2025-12-07T12:24:28
dags-folder  two_task_dag.py                                     1           0  0.06s            2025-12-07T12:24:28
================================================================================ [airflow.dag_processing.manager.DagFileProcessorManager] loc=manager.py:775
2025-12-07T12:24:59.174171Z [info     ] Not time to refresh bundle dags-folder [airflow.dag_processing.manager.DagFileProcessorManager] loc=manager.py:550
2025-12-07T12:24:59.247710Z [info     ] Sync 1 DAGs                    [airflow.serialization.serialized_objects] loc=serialized_objects.py:2893
2025-12-07T12:24:59.252005Z [info     ] Setting next_dagrun for two_task_dag to None, run_after=None [airflow.models.dag] loc=dag.py:688
2025-12-07T12:24:59.271709Z [info     ] Sync 1 DAGs                    [airflow.serialization.serialized_objects] loc=serialized_objects.py:2893
2025-12-07T12:24:59.273378Z [info     ] Setting next_dagrun for one_task_dag to None, run_after=None [airflow.models.dag] loc=dag.py:688
2025-12-07T12:25:04.310602Z [info     ] Not time to refresh bundle dags-folder [airflow.dag_processing.manager.DagFileProcessorManager] loc=manager.py:550
2025-12-07T12:25:09.360333Z [info     ] Not time to refresh bundle dags-folder [airflow.dag_processing.manager.DagFileProcessorManager] loc=manager.py:550
2025-12-07T12:25:14.409147Z [info     ] Not time to refresh bundle dags-folder [airflow.dag_processing.manager.DagFileProcessorManager] loc=manager.py:550
2025-12-07T12:25:19.456885Z [info     ] Not time to refresh bundle dags-folder [airflow.dag_processing.manager.DagFileProcessorManager] loc=manager.py:550
2025-12-07T12:25:24.504680Z [info     ] Not time to refresh bundle dags-folder [airflow.dag_processing.manager.DagFileProcessorManager] loc=manager.py:550
2025-12-07T12:25:29.544984Z [info     ] 
================================================================================
DAG File Processing Stats

Bundle       File Path         PID    Current Duration      # DAGs    # Errors  Last Duration    Last Run At
-----------  ----------------  -----  ------------------  --------  ----------  ---------------  -------------------
dags-folder  one_task_dags.py                                    1           0  0.08s            2025-12-07T12:24:59
dags-folder  two_task_dag.py                                     1           0  0.07s            2025-12-07T12:24:59
================================================================================ [airflow.dag_processing.manager.DagFileProcessorManager] loc=manager.py:775
2025-12-07T12:25:29.554851Z [info     ] Not time to refresh bundle dags-folder [airflow.dag_processing.manager.DagFileProcessorManager] loc=manager.py:550
2025-12-07T12:25:29.619925Z [info     ] Sync 1 DAGs                    [airflow.serialization.serialized_objects] loc=serialized_objects.py:2893
2025-12-07T12:25:29.625235Z [info     ] Setting next_dagrun for one_task_dag to None, run_after=None [airflow.models.dag] loc=dag.py:688
2025-12-07T12:25:29.657747Z [info     ] Sync 1 DAGs                    [airflow.serialization.serialized_objects] loc=serialized_objects.py:2893
2025-12-07T12:25:29.661177Z [info     ] Setting next_dagrun for two_task_dag to None, run_after=None [airflow.models.dag] loc=dag.py:688
2025-12-07T12:25:34.719943Z [info     ] Not time to refresh bundle dags-folder [airflow.dag_processing.manager.DagFileProcessorManager] loc=manager.py:550
2025-12-07T12:25:39.784667Z [info     ] Not time to refresh bundle dags-folder [airflow.dag_processing.manager.DagFileProcessorManager] loc=manager.py:550
2025-12-07T12:25:44.824282Z [info     ] Not time to refresh bundle dags-folder [airflow.dag_processing.manager.DagFileProcessorManager] loc=manager.py:550
2025-12-07T12:25:49.883367Z [info     ] Not time to refresh bundle dags-folder [airflow.dag_processing.manager.DagFileProcessorManager] loc=manager.py:550
2025-12-07T12:25:54.932493Z [info     ] Not time to refresh bundle dags-folder [airflow.dag_processing.manager.DagFileProcessorManager] loc=manager.py:550
2025-12-07T12:25:59.970543Z [info     ] 
================================================================================
DAG File Processing Stats

Bundle       File Path         PID    Current Duration      # DAGs    # Errors  Last Duration    Last Run At
-----------  ----------------  -----  ------------------  --------  ----------  ---------------  -------------------
dags-folder  two_task_dag.py                                     1           0  0.10s            2025-12-07T12:25:29
dags-folder  one_task_dags.py                                    1           0  0.05s            2025-12-07T12:25:29
================================================================================ [airflow.dag_processing.manager.DagFileProcessorManager] loc=manager.py:775
2025-12-07T12:25:59.980120Z [info     ] Not time to refresh bundle dags-folder [airflow.dag_processing.manager.DagFileProcessorManager] loc=manager.py:550
2025-12-07T12:26:00.066959Z [info     ] Sync 1 DAGs                    [airflow.serialization.serialized_objects] loc=serialized_objects.py:2893
2025-12-07T12:26:00.073167Z [info     ] Setting next_dagrun for two_task_dag to None, run_after=None [airflow.models.dag] loc=dag.py:688
2025-12-07T12:26:00.103509Z [info     ] Sync 1 DAGs                    [airflow.serialization.serialized_objects] loc=serialized_objects.py:2893
2025-12-07T12:26:00.106505Z [info     ] Setting next_dagrun for one_task_dag to None, run_after=None [airflow.models.dag] loc=dag.py:688
2025-12-07T12:26:05.121119Z [info     ] Not time to refresh bundle dags-folder [airflow.dag_processing.manager.DagFileProcessorManager] loc=manager.py:550
2025-12-07T12:26:10.166458Z [info     ] Not time to refresh bundle dags-folder [airflow.dag_processing.manager.DagFileProcessorManager] loc=manager.py:550
2025-12-07T12:26:15.229464Z [info     ] Not time to refresh bundle dags-folder [airflow.dag_processing.manager.DagFileProcessorManager] loc=manager.py:550
2025-12-07T12:26:20.277995Z [info     ] Not time to refresh bundle dags-folder [airflow.dag_processing.manager.DagFileProcessorManager] loc=manager.py:550
2025-12-07T12:26:25.324275Z [info     ] Not time to refresh bundle dags-folder [airflow.dag_processing.manager.DagFileProcessorManager] loc=manager.py:550
2025-12-07T12:26:30.365141Z [info     ] 
================================================================================
DAG File Processing Stats

Bundle       File Path         PID    Current Duration      # DAGs    # Errors  Last Duration    Last Run At
-----------  ----------------  -----  ------------------  --------  ----------  ---------------  -------------------
dags-folder  one_task_dags.py                                    1           0  0.11s            2025-12-07T12:26:00
dags-folder  two_task_dag.py                                     1           0  0.08s            2025-12-07T12:26:00
================================================================================ [airflow.dag_processing.manager.DagFileProcessorManager] loc=manager.py:775
2025-12-07T12:26:30.375362Z [info     ] Not time to refresh bundle dags-folder [airflow.dag_processing.manager.DagFileProcessorManager] loc=manager.py:550
2025-12-07T12:26:30.440458Z [info     ] Sync 1 DAGs                    [airflow.serialization.serialized_objects] loc=serialized_objects.py:2893
2025-12-07T12:26:30.446287Z [info     ] Setting next_dagrun for one_task_dag to None, run_after=None [airflow.models.dag] loc=dag.py:688
2025-12-07T12:26:30.475240Z [info     ] Sync 1 DAGs                    [airflow.serialization.serialized_objects] loc=serialized_objects.py:2893
2025-12-07T12:26:30.477636Z [info     ] Creating ORM DAG for two_task_dag [airflow.dag_processing.collection] loc=collection.py:89
2025-12-07T12:26:30.478578Z [info     ] Setting next_dagrun for two_task_dag to None, run_after=None [airflow.models.dag] loc=dag.py:688
2025-12-07T12:26:35.527277Z [info     ] Not time to refresh bundle dags-folder [airflow.dag_processing.manager.DagFileProcessorManager] loc=manager.py:550
2025-12-07T12:26:40.570833Z [info     ] Not time to refresh bundle dags-folder [airflow.dag_processing.manager.DagFileProcessorManager] loc=manager.py:550
2025-12-07T12:26:45.795348Z [info     ] Not time to refresh bundle dags-folder [airflow.dag_processing.manager.DagFileProcessorManager] loc=manager.py:550
2025-12-07T12:26:46.916341Z [info     ] Sync 1 DAGs                    [airflow.serialization.serialized_objects] loc=serialized_objects.py:2893
2025-12-07T12:26:46.927883Z [info     ] Setting next_dagrun for two_task_dag to None, run_after=None [airflow.models.dag] loc=dag.py:688
2025-12-07T12:26:51.038757Z [info     ] Not time to refresh bundle dags-folder [airflow.dag_processing.manager.DagFileProcessorManager] loc=manager.py:550
2025-12-07T12:26:52.078694Z [info     ] DAG bundles loaded: dags-folder [airflow.dag_processing.bundles.manager.DagBundlesManager] loc=manager.py:179
2025-12-07T12:26:53.127661Z [info     ] DAG bundles loaded: dags-folder [airflow.dag_processing.bundles.manager.DagBundlesManager] loc=manager.py:179
2025-12-07T12:26:56.156466Z [info     ] Not time to refresh bundle dags-folder [airflow.dag_processing.manager.DagFileProcessorManager] loc=manager.py:550
2025-12-07T12:26:56.205282Z [info     ] DAG bundles loaded: dags-folder [airflow.dag_processing.bundles.manager.DagBundlesManager] loc=manager.py:179
2025-12-07T12:27:01.243930Z [info     ] 
================================================================================
DAG File Processing Stats

Bundle       File Path         PID    Current Duration      # DAGs    # Errors  Last Duration    Last Run At
-----------  ----------------  -----  ------------------  --------  ----------  ---------------  -------------------
dags-folder  one_task_dags.py                                    1           0  0.05s            2025-12-07T12:26:30
dags-folder  two_task_dag.py                                     0           1  0.04s            2025-12-07T12:26:56
================================================================================ [airflow.dag_processing.manager.DagFileProcessorManager] loc=manager.py:775
2025-12-07T12:27:01.253808Z [info     ] Not time to refresh bundle dags-folder [airflow.dag_processing.manager.DagFileProcessorManager] loc=manager.py:550
2025-12-07T12:27:01.303029Z [info     ] Sync 1 DAGs                    [airflow.serialization.serialized_objects] loc=serialized_objects.py:2893
2025-12-07T12:27:01.306695Z [info     ] Setting next_dagrun for one_task_dag to None, run_after=None [airflow.models.dag] loc=dag.py:688
2025-12-07T12:27:06.353965Z [info     ] Not time to refresh bundle dags-folder [airflow.dag_processing.manager.DagFileProcessorManager] loc=manager.py:550
2025-12-07T12:27:11.395860Z [info     ] Not time to refresh bundle dags-folder [airflow.dag_processing.manager.DagFileProcessorManager] loc=manager.py:550
2025-12-07T12:27:16.439228Z [info     ] Not time to refresh bundle dags-folder [airflow.dag_processing.manager.DagFileProcessorManager] loc=manager.py:550
2025-12-07T12:27:21.481968Z [info     ] Not time to refresh bundle dags-folder [airflow.dag_processing.manager.DagFileProcessorManager] loc=manager.py:550
2025-12-07T12:27:26.532588Z [info     ] Not time to refresh bundle dags-folder [airflow.dag_processing.manager.DagFileProcessorManager] loc=manager.py:550
2025-12-07T12:27:26.576380Z [info     ] DAG bundles loaded: dags-folder [airflow.dag_processing.bundles.manager.DagBundlesManager] loc=manager.py:179
2025-12-07T12:27:31.624750Z [info     ] 
================================================================================
DAG File Processing Stats

Bundle       File Path         PID    Current Duration      # DAGs    # Errors  Last Duration    Last Run At
-----------  ----------------  -----  ------------------  --------  ----------  ---------------  -------------------
dags-folder  one_task_dags.py                                    1           0  0.04s            2025-12-07T12:27:01
dags-folder  two_task_dag.py                                     0           1  0.04s            2025-12-07T12:27:26
================================================================================ [airflow.dag_processing.manager.DagFileProcessorManager] loc=manager.py:775
2025-12-07T12:27:31.634516Z [info     ] Not time to refresh bundle dags-folder [airflow.dag_processing.manager.DagFileProcessorManager] loc=manager.py:550
2025-12-07T12:27:31.683899Z [info     ] Sync 1 DAGs                    [airflow.serialization.serialized_objects] loc=serialized_objects.py:2893
2025-12-07T12:27:31.687660Z [info     ] Setting next_dagrun for one_task_dag to None, run_after=None [airflow.models.dag] loc=dag.py:688
2025-12-07T12:27:36.780569Z [info     ] Not time to refresh bundle dags-folder [airflow.dag_processing.manager.DagFileProcessorManager] loc=manager.py:550
2025-12-07T12:27:36.834163Z [info     ] Sync 1 DAGs                    [airflow.serialization.serialized_objects] loc=serialized_objects.py:2893
2025-12-07T12:27:36.839153Z [info     ] Setting next_dagrun for two_task_dag to None, run_after=None [airflow.models.dag] loc=dag.py:688
2025-12-07T12:27:38.903903Z [info     ] Sync 1 DAGs                    [airflow.serialization.serialized_objects] loc=serialized_objects.py:2893
2025-12-07T12:27:38.907605Z [info     ] Setting next_dagrun for two_task_dag to None, run_after=None [airflow.models.dag] loc=dag.py:688
2025-12-07T12:27:41.940327Z [info     ] Not time to refresh bundle dags-folder [airflow.dag_processing.manager.DagFileProcessorManager] loc=manager.py:550
2025-12-07T12:27:47.001308Z [info     ] Not time to refresh bundle dags-folder [airflow.dag_processing.manager.DagFileProcessorManager] loc=manager.py:550
2025-12-07T12:27:52.049130Z [info     ] Not time to refresh bundle dags-folder [airflow.dag_processing.manager.DagFileProcessorManager] loc=manager.py:550
2025-12-07T12:27:57.091309Z [info     ] Not time to refresh bundle dags-folder [airflow.dag_processing.manager.DagFileProcessorManager] loc=manager.py:550
2025-12-07T12:28:02.125199Z [info     ] 
================================================================================
DAG File Processing Stats

Bundle       File Path         PID    Current Duration      # DAGs    # Errors  Last Duration    Last Run At
-----------  ----------------  -----  ------------------  --------  ----------  ---------------  -------------------
dags-folder  two_task_dag.py                                     1           0  0.05s            2025-12-07T12:27:38
dags-folder  one_task_dags.py                                    1           0  0.04s            2025-12-07T12:27:31
================================================================================ [airflow.dag_processing.manager.DagFileProcessorManager] loc=manager.py:775
2025-12-07T12:28:02.134826Z [info     ] Not time to refresh bundle dags-folder [airflow.dag_processing.manager.DagFileProcessorManager] loc=manager.py:550
2025-12-07T12:28:02.179946Z [info     ] Sync 1 DAGs                    [airflow.serialization.serialized_objects] loc=serialized_objects.py:2893
2025-12-07T12:28:02.183852Z [info     ] Setting next_dagrun for one_task_dag to None, run_after=None [airflow.models.dag] loc=dag.py:688
2025-12-07T12:28:07.234703Z [info     ] Not time to refresh bundle dags-folder [airflow.dag_processing.manager.DagFileProcessorManager] loc=manager.py:550
2025-12-07T12:28:09.303505Z [info     ] Sync 1 DAGs                    [airflow.serialization.serialized_objects] loc=serialized_objects.py:2893
2025-12-07T12:28:09.307774Z [info     ] Setting next_dagrun for two_task_dag to None, run_after=None [airflow.models.dag] loc=dag.py:688
2025-12-07T12:28:12.345429Z [info     ] Not time to refresh bundle dags-folder [airflow.dag_processing.manager.DagFileProcessorManager] loc=manager.py:550
2025-12-07T12:28:17.395251Z [info     ] Not time to refresh bundle dags-folder [airflow.dag_processing.manager.DagFileProcessorManager] loc=manager.py:550
2025-12-07T12:28:22.442158Z [info     ] Not time to refresh bundle dags-folder [airflow.dag_processing.manager.DagFileProcessorManager] loc=manager.py:550
2025-12-07T12:28:27.503197Z [info     ] Not time to refresh bundle dags-folder [airflow.dag_processing.manager.DagFileProcessorManager] loc=manager.py:550
2025-12-07T12:28:32.556792Z [info     ] 
================================================================================
DAG File Processing Stats

Bundle       File Path         PID    Current Duration      # DAGs    # Errors  Last Duration    Last Run At
-----------  ----------------  -----  ------------------  --------  ----------  ---------------  -------------------
dags-folder  two_task_dag.py                                     1           0  0.05s            2025-12-07T12:28:09
dags-folder  one_task_dags.py                                    1           0  0.04s            2025-12-07T12:28:02
================================================================================ [airflow.dag_processing.manager.DagFileProcessorManager] loc=manager.py:775
2025-12-07T12:28:32.568540Z [info     ] Not time to refresh bundle dags-folder [airflow.dag_processing.manager.DagFileProcessorManager] loc=manager.py:550
2025-12-07T12:28:32.624843Z [info     ] Sync 1 DAGs                    [airflow.serialization.serialized_objects] loc=serialized_objects.py:2893
2025-12-07T12:28:32.628645Z [info     ] Setting next_dagrun for one_task_dag to None, run_after=None [airflow.models.dag] loc=dag.py:688
2025-12-07T12:28:37.678318Z [info     ] Not time to refresh bundle dags-folder [airflow.dag_processing.manager.DagFileProcessorManager] loc=manager.py:550
2025-12-07T12:28:39.731665Z [info     ] Sync 1 DAGs                    [airflow.serialization.serialized_objects] loc=serialized_objects.py:2893
2025-12-07T12:28:39.735421Z [info     ] Setting next_dagrun for two_task_dag to None, run_after=None [airflow.models.dag] loc=dag.py:688
2025-12-07T12:28:42.765282Z [info     ] Not time to refresh bundle dags-folder [airflow.dag_processing.manager.DagFileProcessorManager] loc=manager.py:550
2025-12-07T12:28:47.810877Z [info     ] Not time to refresh bundle dags-folder [airflow.dag_processing.manager.DagFileProcessorManager] loc=manager.py:550
2025-12-07T12:28:52.862806Z [info     ] Not time to refresh bundle dags-folder [airflow.dag_processing.manager.DagFileProcessorManager] loc=manager.py:550
2025-12-07T12:28:57.913526Z [info     ] Not time to refresh bundle dags-folder [airflow.dag_processing.manager.DagFileProcessorManager] loc=manager.py:550
2025-12-07T12:29:02.943232Z [info     ] 
================================================================================
DAG File Processing Stats

Bundle       File Path         PID    Current Duration      # DAGs    # Errors  Last Duration    Last Run At
-----------  ----------------  -----  ------------------  --------  ----------  ---------------  -------------------
dags-folder  one_task_dags.py                                    1           0  0.05s            2025-12-07T12:28:32
dags-folder  two_task_dag.py                                     1           0  0.04s            2025-12-07T12:28:39
================================================================================ [airflow.dag_processing.manager.DagFileProcessorManager] loc=manager.py:775
2025-12-07T12:29:02.953049Z [info     ] Not time to refresh bundle dags-folder [airflow.dag_processing.manager.DagFileProcessorManager] loc=manager.py:550
2025-12-07T12:29:03.000836Z [info     ] Sync 1 DAGs                    [airflow.serialization.serialized_objects] loc=serialized_objects.py:2893
2025-12-07T12:29:03.004878Z [info     ] Setting next_dagrun for one_task_dag to None, run_after=None [airflow.models.dag] loc=dag.py:688
2025-12-07T12:29:08.050378Z [info     ] Not time to refresh bundle dags-folder [airflow.dag_processing.manager.DagFileProcessorManager] loc=manager.py:550
2025-12-07T12:29:10.108451Z [info     ] Sync 1 DAGs                    [airflow.serialization.serialized_objects] loc=serialized_objects.py:2893
2025-12-07T12:29:10.112588Z [info     ] Setting next_dagrun for two_task_dag to None, run_after=None [airflow.models.dag] loc=dag.py:688
2025-12-07T12:29:13.140426Z [info     ] Not time to refresh bundle dags-folder [airflow.dag_processing.manager.DagFileProcessorManager] loc=manager.py:550
2025-12-07T12:29:18.185264Z [info     ] Not time to refresh bundle dags-folder [airflow.dag_processing.manager.DagFileProcessorManager] loc=manager.py:550
2025-12-07T12:29:23.228881Z [info     ] Not time to refresh bundle dags-folder [airflow.dag_processing.manager.DagFileProcessorManager] loc=manager.py:550
2025-12-07T12:29:28.274010Z [info     ] Not time to refresh bundle dags-folder [airflow.dag_processing.manager.DagFileProcessorManager] loc=manager.py:550
2025-12-07T12:29:33.308690Z [info     ] 
================================================================================
DAG File Processing Stats

Bundle       File Path         PID    Current Duration      # DAGs    # Errors  Last Duration    Last Run At
-----------  ----------------  -----  ------------------  --------  ----------  ---------------  -------------------
dags-folder  one_task_dags.py                                    1           0  0.04s            2025-12-07T12:29:03
dags-folder  two_task_dag.py                                     1           0  0.04s            2025-12-07T12:29:10
================================================================================ [airflow.dag_processing.manager.DagFileProcessorManager] loc=manager.py:775
2025-12-07T12:29:33.318261Z [info     ] Refreshing bundle dags-folder  [airflow.dag_processing.manager.DagFileProcessorManager] loc=manager.py:553
2025-12-07T12:29:33.322302Z [info     ] Searching for files in dags-folder at /workspaces/hands-on-introduction-data-engineering-4395021/airflow/dags [airflow.dag_processing.manager.DagFileProcessorManager] loc=manager.py:604
2025-12-07T12:29:33.323511Z [info     ] Found 2 files for bundle dags-folder [airflow.dag_processing.manager.DagFileProcessorManager] loc=manager.py:606
2025-12-07T12:29:33.380028Z [info     ] Sync 1 DAGs                    [airflow.serialization.serialized_objects] loc=serialized_objects.py:2893
2025-12-07T12:29:33.384681Z [info     ] Setting next_dagrun for one_task_dag to None, run_after=None [airflow.models.dag] loc=dag.py:688
2025-12-07T12:29:38.436390Z [info     ] Not time to refresh bundle dags-folder [airflow.dag_processing.manager.DagFileProcessorManager] loc=manager.py:550
2025-12-07T12:29:40.554110Z [info     ] Sync 1 DAGs                    [airflow.serialization.serialized_objects] loc=serialized_objects.py:2893
2025-12-07T12:29:40.559577Z [info     ] Setting next_dagrun for two_task_dag to None, run_after=None [airflow.models.dag] loc=dag.py:688
2025-12-07T12:29:43.584215Z [info     ] Not time to refresh bundle dags-folder [airflow.dag_processing.manager.DagFileProcessorManager] loc=manager.py:550
2025-12-07T12:29:48.627559Z [info     ] Not time to refresh bundle dags-folder [airflow.dag_processing.manager.DagFileProcessorManager] loc=manager.py:550
2025-12-07T12:29:53.673313Z [info     ] Not time to refresh bundle dags-folder [airflow.dag_processing.manager.DagFileProcessorManager] loc=manager.py:550
2025-12-07T12:29:58.721177Z [info     ] Not time to refresh bundle dags-folder [airflow.dag_processing.manager.DagFileProcessorManager] loc=manager.py:550
2025-12-07T12:30:03.762259Z [info     ] 
================================================================================
DAG File Processing Stats

Bundle       File Path         PID    Current Duration      # DAGs    # Errors  Last Duration    Last Run At
-----------  ----------------  -----  ------------------  --------  ----------  ---------------  -------------------
dags-folder  two_task_dag.py                                     1           0  0.09s            2025-12-07T12:29:40
dags-folder  one_task_dags.py                                    1           0  0.04s            2025-12-07T12:29:33
================================================================================ [airflow.dag_processing.manager.DagFileProcessorManager] loc=manager.py:775
2025-12-07T12:30:03.771874Z [info     ] Not time to refresh bundle dags-folder [airflow.dag_processing.manager.DagFileProcessorManager] loc=manager.py:550
2025-12-07T12:30:03.820838Z [info     ] Sync 1 DAGs                    [airflow.serialization.serialized_objects] loc=serialized_objects.py:2893
2025-12-07T12:30:03.824453Z [info     ] Setting next_dagrun for one_task_dag to None, run_after=None [airflow.models.dag] loc=dag.py:688
2025-12-07T12:30:08.870228Z [info     ] Not time to refresh bundle dags-folder [airflow.dag_processing.manager.DagFileProcessorManager] loc=manager.py:550
2025-12-07T12:30:10.925608Z [info     ] Sync 1 DAGs                    [airflow.serialization.serialized_objects] loc=serialized_objects.py:2893
2025-12-07T12:30:10.929351Z [info     ] Setting next_dagrun for two_task_dag to None, run_after=None [airflow.models.dag] loc=dag.py:688
2025-12-07T12:30:13.958500Z [info     ] Not time to refresh bundle dags-folder [airflow.dag_processing.manager.DagFileProcessorManager] loc=manager.py:550
2025-12-07T12:30:19.000469Z [info     ] Not time to refresh bundle dags-folder [airflow.dag_processing.manager.DagFileProcessorManager] loc=manager.py:550
2025-12-07T12:30:24.041943Z [info     ] Not time to refresh bundle dags-folder [airflow.dag_processing.manager.DagFileProcessorManager] loc=manager.py:550
2025-12-07T12:30:29.085016Z [info     ] Not time to refresh bundle dags-folder [airflow.dag_processing.manager.DagFileProcessorManager] loc=manager.py:550
2025-12-07T12:30:34.121946Z [info     ] 
================================================================================
DAG File Processing Stats

Bundle       File Path         PID    Current Duration      # DAGs    # Errors  Last Duration    Last Run At
-----------  ----------------  -----  ------------------  --------  ----------  ---------------  -------------------
dags-folder  one_task_dags.py                                    1           0  0.04s            2025-12-07T12:30:03
dags-folder  two_task_dag.py                                     1           0  0.04s            2025-12-07T12:30:10
================================================================================ [airflow.dag_processing.manager.DagFileProcessorManager] loc=manager.py:775
2025-12-07T12:30:34.131512Z [info     ] Not time to refresh bundle dags-folder [airflow.dag_processing.manager.DagFileProcessorManager] loc=manager.py:550
2025-12-07T12:30:34.177665Z [info     ] Sync 1 DAGs                    [airflow.serialization.serialized_objects] loc=serialized_objects.py:2893
2025-12-07T12:30:34.181463Z [info     ] Setting next_dagrun for one_task_dag to None, run_after=None [airflow.models.dag] loc=dag.py:688
2025-12-07T12:30:39.226524Z [info     ] Not time to refresh bundle dags-folder [airflow.dag_processing.manager.DagFileProcessorManager] loc=manager.py:550
2025-12-07T12:30:41.282257Z [info     ] Sync 1 DAGs                    [airflow.serialization.serialized_objects] loc=serialized_objects.py:2893
2025-12-07T12:30:41.286171Z [info     ] Setting next_dagrun for two_task_dag to None, run_after=None [airflow.models.dag] loc=dag.py:688
2025-12-07T12:30:44.315129Z [info     ] Not time to refresh bundle dags-folder [airflow.dag_processing.manager.DagFileProcessorManager] loc=manager.py:550
2025-12-07T12:30:49.359431Z [info     ] Not time to refresh bundle dags-folder [airflow.dag_processing.manager.DagFileProcessorManager] loc=manager.py:550
2025-12-07T12:30:54.406055Z [info     ] Not time to refresh bundle dags-folder [airflow.dag_processing.manager.DagFileProcessorManager] loc=manager.py:550
2025-12-07T12:30:59.455853Z [info     ] Not time to refresh bundle dags-folder [airflow.dag_processing.manager.DagFileProcessorManager] loc=manager.py:550
2025-12-07T12:31:04.493725Z [info     ] 
================================================================================
DAG File Processing Stats

Bundle       File Path         PID    Current Duration      # DAGs    # Errors  Last Duration    Last Run At
-----------  ----------------  -----  ------------------  --------  ----------  ---------------  -------------------
dags-folder  two_task_dag.py                                     1           0  0.04s            2025-12-07T12:30:41
dags-folder  one_task_dags.py                                    1           0  0.04s            2025-12-07T12:30:34
================================================================================ [airflow.dag_processing.manager.DagFileProcessorManager] loc=manager.py:775
2025-12-07T12:31:04.503330Z [info     ] Not time to refresh bundle dags-folder [airflow.dag_processing.manager.DagFileProcessorManager] loc=manager.py:550
2025-12-07T12:31:04.552854Z [info     ] Sync 1 DAGs                    [airflow.serialization.serialized_objects] loc=serialized_objects.py:2893
2025-12-07T12:31:04.556381Z [info     ] Setting next_dagrun for one_task_dag to None, run_after=None [airflow.models.dag] loc=dag.py:688
2025-12-07T12:31:09.602295Z [info     ] Not time to refresh bundle dags-folder [airflow.dag_processing.manager.DagFileProcessorManager] loc=manager.py:550
2025-12-07T12:31:11.657557Z [info     ] Sync 1 DAGs                    [airflow.serialization.serialized_objects] loc=serialized_objects.py:2893
2025-12-07T12:31:11.661224Z [info     ] Setting next_dagrun for two_task_dag to None, run_after=None [airflow.models.dag] loc=dag.py:688
2025-12-07T12:31:14.690764Z [info     ] Not time to refresh bundle dags-folder [airflow.dag_processing.manager.DagFileProcessorManager] loc=manager.py:550
2025-12-07T12:31:19.739985Z [info     ] Not time to refresh bundle dags-folder [airflow.dag_processing.manager.DagFileProcessorManager] loc=manager.py:550
2025-12-07T12:31:19.791956Z [info     ] Sync 1 DAGs                    [airflow.serialization.serialized_objects] loc=serialized_objects.py:2893
2025-12-07T12:31:19.797636Z [info     ] Setting next_dagrun for two_task_dag to None, run_after=None [airflow.models.dag] loc=dag.py:688
2025-12-07T12:31:24.067442Z [info     ] Sync 1 DAGs                    [airflow.serialization.serialized_objects] loc=serialized_objects.py:2893
2025-12-07T12:31:24.074835Z [info     ] Setting next_dagrun for two_task_dag to None, run_after=None [airflow.models.dag] loc=dag.py:688
2025-12-07T12:31:25.123753Z [info     ] Not time to refresh bundle dags-folder [airflow.dag_processing.manager.DagFileProcessorManager] loc=manager.py:550
2025-12-07T12:31:26.146770Z [info     ] Sync 1 DAGs                    [airflow.serialization.serialized_objects] loc=serialized_objects.py:2893
2025-12-07T12:31:26.151737Z [info     ] Setting next_dagrun for two_task_dag to None, run_after=None [airflow.models.dag] loc=dag.py:688
2025-12-07T12:31:27.241100Z [info     ] Sync 1 DAGs                    [airflow.serialization.serialized_objects] loc=serialized_objects.py:2893
2025-12-07T12:31:27.255620Z [info     ] Setting next_dagrun for two_task_dag to None, run_after=None [airflow.models.dag] loc=dag.py:688
2025-12-07T12:31:30.273893Z [info     ] Not time to refresh bundle dags-folder [airflow.dag_processing.manager.DagFileProcessorManager] loc=manager.py:550
2025-12-07T12:31:35.314417Z [info     ] 
================================================================================
DAG File Processing Stats

Bundle       File Path         PID    Current Duration      # DAGs    # Errors  Last Duration    Last Run At
-----------  ----------------  -----  ------------------  --------  ----------  ---------------  -------------------
dags-folder  two_task_dag.py                                     1           0  0.08s            2025-12-07T12:31:27
dags-folder  one_task_dags.py                                    1           0  0.04s            2025-12-07T12:31:04
================================================================================ [airflow.dag_processing.manager.DagFileProcessorManager] loc=manager.py:775
2025-12-07T12:31:35.323928Z [info     ] Not time to refresh bundle dags-folder [airflow.dag_processing.manager.DagFileProcessorManager] loc=manager.py:550
2025-12-07T12:31:35.370600Z [info     ] Sync 1 DAGs                    [airflow.serialization.serialized_objects] loc=serialized_objects.py:2893
2025-12-07T12:31:35.374376Z [info     ] Setting next_dagrun for one_task_dag to None, run_after=None [airflow.models.dag] loc=dag.py:688
2025-12-07T12:31:40.426534Z [info     ] Not time to refresh bundle dags-folder [airflow.dag_processing.manager.DagFileProcessorManager] loc=manager.py:550
2025-12-07T12:31:45.469392Z [info     ] Not time to refresh bundle dags-folder [airflow.dag_processing.manager.DagFileProcessorManager] loc=manager.py:550
2025-12-07T12:31:49.682547Z [info     ] Sync 1 DAGs                    [airflow.serialization.serialized_objects] loc=serialized_objects.py:2893
2025-12-07T12:31:49.689887Z [info     ] Setting next_dagrun for two_task_dag to None, run_after=None [airflow.models.dag] loc=dag.py:688
2025-12-07T12:31:50.697993Z [info     ] Not time to refresh bundle dags-folder [airflow.dag_processing.manager.DagFileProcessorManager] loc=manager.py:550
2025-12-07T12:31:50.753656Z [info     ] Sync 1 DAGs                    [airflow.serialization.serialized_objects] loc=serialized_objects.py:2893
2025-12-07T12:31:50.757787Z [info     ] Setting next_dagrun for two_task_dag to None, run_after=None [airflow.models.dag] loc=dag.py:688
2025-12-07T12:31:54.873689Z [info     ] DAG bundles loaded: dags-folder [airflow.dag_processing.bundles.manager.DagBundlesManager] loc=manager.py:179
2025-12-07T12:31:55.967873Z [info     ] Not time to refresh bundle dags-folder [airflow.dag_processing.manager.DagFileProcessorManager] loc=manager.py:550
2025-12-07T12:31:56.958009Z [info     ] DAG bundles loaded: dags-folder [airflow.dag_processing.bundles.manager.DagBundlesManager] loc=manager.py:179
2025-12-07T12:32:01.058498Z [info     ] Not time to refresh bundle dags-folder [airflow.dag_processing.manager.DagFileProcessorManager] loc=manager.py:550
2025-12-07T12:32:01.108588Z [info     ] DAG bundles loaded: dags-folder [airflow.dag_processing.bundles.manager.DagBundlesManager] loc=manager.py:179
2025-12-07T12:32:06.154330Z [info     ] 
================================================================================
DAG File Processing Stats

Bundle       File Path         PID    Current Duration      # DAGs    # Errors  Last Duration    Last Run At
-----------  ----------------  -----  ------------------  --------  ----------  ---------------  -------------------
dags-folder  two_task_dag.py                                     0           1  0.04s            2025-12-07T12:32:01
dags-folder  one_task_dags.py                                    1           0  0.04s            2025-12-07T12:31:35
================================================================================ [airflow.dag_processing.manager.DagFileProcessorManager] loc=manager.py:775
2025-12-07T12:32:06.173111Z [info     ] Not time to refresh bundle dags-folder [airflow.dag_processing.manager.DagFileProcessorManager] loc=manager.py:550
2025-12-07T12:32:06.305786Z [info     ] Sync 1 DAGs                    [airflow.serialization.serialized_objects] loc=serialized_objects.py:2893
2025-12-07T12:32:06.313886Z [info     ] Setting next_dagrun for one_task_dag to None, run_after=None [airflow.models.dag] loc=dag.py:688
2025-12-07T12:32:07.364185Z [info     ] DAG bundles loaded: dags-folder [airflow.dag_processing.bundles.manager.DagBundlesManager] loc=manager.py:179
2025-12-07T12:32:09.504621Z [info     ] DAG bundles loaded: dags-folder [airflow.dag_processing.bundles.manager.DagBundlesManager] loc=manager.py:179
2025-12-07T12:32:11.559390Z [info     ] Not time to refresh bundle dags-folder [airflow.dag_processing.manager.DagFileProcessorManager] loc=manager.py:550
2025-12-07T12:32:16.589298Z [info     ] Not time to refresh bundle dags-folder [airflow.dag_processing.manager.DagFileProcessorManager] loc=manager.py:550
2025-12-07T12:32:21.734070Z [info     ] Not time to refresh bundle dags-folder [airflow.dag_processing.manager.DagFileProcessorManager] loc=manager.py:550
2025-12-07T12:32:21.839894Z [info     ] Sync 1 DAGs                    [airflow.serialization.serialized_objects] loc=serialized_objects.py:2893
2025-12-07T12:32:21.846008Z [info     ] Setting next_dagrun for two_task_dag to None, run_after=None [airflow.models.dag] loc=dag.py:688
2025-12-07T12:32:22.912934Z [info     ] Sync 1 DAGs                    [airflow.serialization.serialized_objects] loc=serialized_objects.py:2893
2025-12-07T12:32:22.918636Z [info     ] Setting next_dagrun for two_task_dag to None, run_after=None [airflow.models.dag] loc=dag.py:688
2025-12-07T12:32:24.977591Z [info     ] Sync 1 DAGs                    [airflow.serialization.serialized_objects] loc=serialized_objects.py:2893
2025-12-07T12:32:24.981297Z [info     ] Setting next_dagrun for two_task_dag to None, run_after=None [airflow.models.dag] loc=dag.py:688
2025-12-07T12:32:27.001126Z [info     ] Not time to refresh bundle dags-folder [airflow.dag_processing.manager.DagFileProcessorManager] loc=manager.py:550
2025-12-07T12:32:32.046080Z [info     ] Not time to refresh bundle dags-folder [airflow.dag_processing.manager.DagFileProcessorManager] loc=manager.py:550
2025-12-07T12:32:37.080628Z [info     ] 
================================================================================
DAG File Processing Stats

Bundle       File Path         PID    Current Duration      # DAGs    # Errors  Last Duration    Last Run At
-----------  ----------------  -----  ------------------  --------  ----------  ---------------  -------------------
dags-folder  one_task_dags.py                                    1           0  0.12s            2025-12-07T12:32:06
dags-folder  two_task_dag.py                                     1           0  0.04s            2025-12-07T12:32:24
================================================================================ [airflow.dag_processing.manager.DagFileProcessorManager] loc=manager.py:775
2025-12-07T12:32:37.090842Z [info     ] Not time to refresh bundle dags-folder [airflow.dag_processing.manager.DagFileProcessorManager] loc=manager.py:550
2025-12-07T12:32:37.136947Z [info     ] Sync 1 DAGs                    [airflow.serialization.serialized_objects] loc=serialized_objects.py:2893
2025-12-07T12:32:37.140707Z [info     ] Setting next_dagrun for one_task_dag to None, run_after=None [airflow.models.dag] loc=dag.py:688
2025-12-07T12:32:42.214157Z [info     ] Not time to refresh bundle dags-folder [airflow.dag_processing.manager.DagFileProcessorManager] loc=manager.py:550
2025-12-07T12:32:47.255234Z [info     ] Not time to refresh bundle dags-folder [airflow.dag_processing.manager.DagFileProcessorManager] loc=manager.py:550
2025-12-07T12:32:52.297242Z [info     ] Not time to refresh bundle dags-folder [airflow.dag_processing.manager.DagFileProcessorManager] loc=manager.py:550
2025-12-07T12:32:55.362299Z [info     ] Sync 1 DAGs                    [airflow.serialization.serialized_objects] loc=serialized_objects.py:2893
2025-12-07T12:32:55.366238Z [info     ] Setting next_dagrun for two_task_dag to None, run_after=None [airflow.models.dag] loc=dag.py:688
2025-12-07T12:32:57.388513Z [info     ] Not time to refresh bundle dags-folder [airflow.dag_processing.manager.DagFileProcessorManager] loc=manager.py:550
2025-12-07T12:33:02.432274Z [info     ] Not time to refresh bundle dags-folder [airflow.dag_processing.manager.DagFileProcessorManager] loc=manager.py:550
2025-12-07T12:33:07.488218Z [info     ] 
================================================================================
DAG File Processing Stats

Bundle       File Path         PID    Current Duration      # DAGs    # Errors  Last Duration    Last Run At
-----------  ----------------  -----  ------------------  --------  ----------  ---------------  -------------------
dags-folder  two_task_dag.py                                     1           0  0.04s            2025-12-07T12:32:55
dags-folder  one_task_dags.py                                    1           0  0.04s            2025-12-07T12:32:37
================================================================================ [airflow.dag_processing.manager.DagFileProcessorManager] loc=manager.py:775
2025-12-07T12:33:07.502959Z [info     ] Not time to refresh bundle dags-folder [airflow.dag_processing.manager.DagFileProcessorManager] loc=manager.py:550
2025-12-07T12:33:07.600769Z [info     ] Sync 1 DAGs                    [airflow.serialization.serialized_objects] loc=serialized_objects.py:2893
2025-12-07T12:33:07.607032Z [info     ] Setting next_dagrun for one_task_dag to None, run_after=None [airflow.models.dag] loc=dag.py:688
2025-12-07T12:33:08.677529Z [info     ] Sync 1 DAGs                    [airflow.serialization.serialized_objects] loc=serialized_objects.py:2893
2025-12-07T12:33:08.687693Z [info     ] Setting next_dagrun for two_task_dag to None, run_after=None [airflow.models.dag] loc=dag.py:688
2025-12-07T12:33:12.723717Z [info     ] Not time to refresh bundle dags-folder [airflow.dag_processing.manager.DagFileProcessorManager] loc=manager.py:550
2025-12-07T12:33:13.773683Z [info     ] Sync 1 DAGs                    [airflow.serialization.serialized_objects] loc=serialized_objects.py:2893
2025-12-07T12:33:13.777939Z [info     ] Setting next_dagrun for two_task_dag to None, run_after=None [airflow.models.dag] loc=dag.py:688
2025-12-07T12:33:17.849102Z [info     ] Not time to refresh bundle dags-folder [airflow.dag_processing.manager.DagFileProcessorManager] loc=manager.py:550
2025-12-07T12:33:22.891055Z [info     ] Not time to refresh bundle dags-folder [airflow.dag_processing.manager.DagFileProcessorManager] loc=manager.py:550
2025-12-07T12:33:27.936496Z [info     ] Not time to refresh bundle dags-folder [airflow.dag_processing.manager.DagFileProcessorManager] loc=manager.py:550
2025-12-07T12:33:32.980899Z [info     ] Not time to refresh bundle dags-folder [airflow.dag_processing.manager.DagFileProcessorManager] loc=manager.py:550
2025-12-07T12:33:36.008422Z [info     ] Bundles being force refreshed: dags-folder [airflow.dag_processing.manager.DagFileProcessorManager] loc=manager.py:433
2025-12-07T12:33:36.010221Z [info     ] Refreshing bundle dags-folder  [airflow.dag_processing.manager.DagFileProcessorManager] loc=manager.py:553
2025-12-07T12:33:36.014481Z [info     ] Searching for files in dags-folder at /workspaces/hands-on-introduction-data-engineering-4395021/airflow/dags [airflow.dag_processing.manager.DagFileProcessorManager] loc=manager.py:604
2025-12-07T12:33:36.015667Z [info     ] Found 2 files for bundle dags-folder [airflow.dag_processing.manager.DagFileProcessorManager] loc=manager.py:606
2025-12-07T12:33:36.069245Z [info     ] Sync 1 DAGs                    [airflow.serialization.serialized_objects] loc=serialized_objects.py:2893
2025-12-07T12:33:36.073059Z [info     ] Setting next_dagrun for two_task_dag to None, run_after=None [airflow.models.dag] loc=dag.py:688
2025-12-07T12:33:38.086622Z [info     ] 
================================================================================
DAG File Processing Stats

Bundle       File Path         PID    Current Duration      # DAGs    # Errors  Last Duration    Last Run At
-----------  ----------------  -----  ------------------  --------  ----------  ---------------  -------------------
dags-folder  one_task_dags.py                                    1           0  0.09s            2025-12-07T12:33:07
dags-folder  two_task_dag.py                                     1           0  0.04s            2025-12-07T12:33:36
================================================================================ [airflow.dag_processing.manager.DagFileProcessorManager] loc=manager.py:775
2025-12-07T12:33:38.144267Z [info     ] Sync 1 DAGs                    [airflow.serialization.serialized_objects] loc=serialized_objects.py:2893
2025-12-07T12:33:38.148307Z [info     ] Setting next_dagrun for one_task_dag to None, run_after=None [airflow.models.dag] loc=dag.py:688
2025-12-07T12:33:41.171883Z [info     ] Not time to refresh bundle dags-folder [airflow.dag_processing.manager.DagFileProcessorManager] loc=manager.py:550
2025-12-07T12:33:46.215919Z [info     ] Not time to refresh bundle dags-folder [airflow.dag_processing.manager.DagFileProcessorManager] loc=manager.py:550
2025-12-07T12:33:51.262968Z [info     ] Not time to refresh bundle dags-folder [airflow.dag_processing.manager.DagFileProcessorManager] loc=manager.py:550
2025-12-07T12:33:56.307091Z [info     ] Not time to refresh bundle dags-folder [airflow.dag_processing.manager.DagFileProcessorManager] loc=manager.py:550
2025-12-07T12:34:01.354640Z [info     ] Not time to refresh bundle dags-folder [airflow.dag_processing.manager.DagFileProcessorManager] loc=manager.py:550
2025-12-07T12:34:06.404762Z [info     ] Not time to refresh bundle dags-folder [airflow.dag_processing.manager.DagFileProcessorManager] loc=manager.py:550
2025-12-07T12:34:06.452955Z [info     ] Sync 1 DAGs                    [airflow.serialization.serialized_objects] loc=serialized_objects.py:2893
2025-12-07T12:34:06.457081Z [info     ] Setting next_dagrun for two_task_dag to None, run_after=None [airflow.models.dag] loc=dag.py:688
2025-12-07T12:34:08.467776Z [info     ] 
================================================================================
DAG File Processing Stats

Bundle       File Path         PID    Current Duration      # DAGs    # Errors  Last Duration    Last Run At
-----------  ----------------  -----  ------------------  --------  ----------  ---------------  -------------------
dags-folder  one_task_dags.py                                    1           0  0.04s            2025-12-07T12:33:38
dags-folder  two_task_dag.py                                     1           0  0.04s            2025-12-07T12:34:06
================================================================================ [airflow.dag_processing.manager.DagFileProcessorManager] loc=manager.py:775
2025-12-07T12:34:08.525591Z [info     ] Sync 1 DAGs                    [airflow.serialization.serialized_objects] loc=serialized_objects.py:2893
2025-12-07T12:34:08.529283Z [info     ] Setting next_dagrun for one_task_dag to None, run_after=None [airflow.models.dag] loc=dag.py:688
2025-12-07T12:34:11.551709Z [info     ] Not time to refresh bundle dags-folder [airflow.dag_processing.manager.DagFileProcessorManager] loc=manager.py:550
2025-12-07T12:34:16.614387Z [info     ] Not time to refresh bundle dags-folder [airflow.dag_processing.manager.DagFileProcessorManager] loc=manager.py:550
2025-12-07T12:34:21.663570Z [info     ] Not time to refresh bundle dags-folder [airflow.dag_processing.manager.DagFileProcessorManager] loc=manager.py:550
2025-12-07T12:34:26.716069Z [info     ] Not time to refresh bundle dags-folder [airflow.dag_processing.manager.DagFileProcessorManager] loc=manager.py:550
2025-12-07T12:34:31.770258Z [info     ] Not time to refresh bundle dags-folder [airflow.dag_processing.manager.DagFileProcessorManager] loc=manager.py:550
2025-12-07T12:34:36.822099Z [info     ] Not time to refresh bundle dags-folder [airflow.dag_processing.manager.DagFileProcessorManager] loc=manager.py:550
2025-12-07T12:34:36.873150Z [info     ] Sync 1 DAGs                    [airflow.serialization.serialized_objects] loc=serialized_objects.py:2893
2025-12-07T12:34:36.876919Z [info     ] Setting next_dagrun for two_task_dag to None, run_after=None [airflow.models.dag] loc=dag.py:688
2025-12-07T12:34:38.887076Z [info     ] 
================================================================================
DAG File Processing Stats

Bundle       File Path         PID    Current Duration      # DAGs    # Errors  Last Duration    Last Run At
-----------  ----------------  -----  ------------------  --------  ----------  ---------------  -------------------
dags-folder  two_task_dag.py                                     1           0  0.05s            2025-12-07T12:34:36
dags-folder  one_task_dags.py                                    1           0  0.04s            2025-12-07T12:34:08
================================================================================ [airflow.dag_processing.manager.DagFileProcessorManager] loc=manager.py:775
2025-12-07T12:34:38.941144Z [info     ] Sync 1 DAGs                    [airflow.serialization.serialized_objects] loc=serialized_objects.py:2893
2025-12-07T12:34:38.944832Z [info     ] Setting next_dagrun for one_task_dag to None, run_after=None [airflow.models.dag] loc=dag.py:688
2025-12-07T12:34:41.966333Z [info     ] Not time to refresh bundle dags-folder [airflow.dag_processing.manager.DagFileProcessorManager] loc=manager.py:550
2025-12-07T12:34:47.009579Z [info     ] Not time to refresh bundle dags-folder [airflow.dag_processing.manager.DagFileProcessorManager] loc=manager.py:550
2025-12-07T12:34:52.050491Z [info     ] Not time to refresh bundle dags-folder [airflow.dag_processing.manager.DagFileProcessorManager] loc=manager.py:550
2025-12-07T12:34:57.106984Z [info     ] Not time to refresh bundle dags-folder [airflow.dag_processing.manager.DagFileProcessorManager] loc=manager.py:550
2025-12-07T12:35:02.161916Z [info     ] Not time to refresh bundle dags-folder [airflow.dag_processing.manager.DagFileProcessorManager] loc=manager.py:550
2025-12-07T12:35:07.212260Z [info     ] Not time to refresh bundle dags-folder [airflow.dag_processing.manager.DagFileProcessorManager] loc=manager.py:550
2025-12-07T12:35:07.296918Z [info     ] Sync 1 DAGs                    [airflow.serialization.serialized_objects] loc=serialized_objects.py:2893
2025-12-07T12:35:07.301225Z [info     ] Setting next_dagrun for two_task_dag to None, run_after=None [airflow.models.dag] loc=dag.py:688
2025-12-07T12:35:09.306394Z [info     ] 
================================================================================
DAG File Processing Stats

Bundle       File Path         PID    Current Duration      # DAGs    # Errors  Last Duration    Last Run At
-----------  ----------------  -----  ------------------  --------  ----------  ---------------  -------------------
dags-folder  two_task_dag.py                                     1           0  0.08s            2025-12-07T12:35:07
dags-folder  one_task_dags.py                                    1           0  0.04s            2025-12-07T12:34:38
================================================================================ [airflow.dag_processing.manager.DagFileProcessorManager] loc=manager.py:775
2025-12-07T12:35:09.362602Z [info     ] Sync 1 DAGs                    [airflow.serialization.serialized_objects] loc=serialized_objects.py:2893
2025-12-07T12:35:09.366527Z [info     ] Setting next_dagrun for one_task_dag to None, run_after=None [airflow.models.dag] loc=dag.py:688
2025-12-07T12:35:12.389185Z [info     ] Not time to refresh bundle dags-folder [airflow.dag_processing.manager.DagFileProcessorManager] loc=manager.py:550
2025-12-07T12:35:17.432012Z [info     ] Not time to refresh bundle dags-folder [airflow.dag_processing.manager.DagFileProcessorManager] loc=manager.py:550
2025-12-07T12:35:22.479837Z [info     ] Not time to refresh bundle dags-folder [airflow.dag_processing.manager.DagFileProcessorManager] loc=manager.py:550
2025-12-07T12:35:27.535963Z [info     ] Not time to refresh bundle dags-folder [airflow.dag_processing.manager.DagFileProcessorManager] loc=manager.py:550
2025-12-07T12:35:32.589298Z [info     ] Not time to refresh bundle dags-folder [airflow.dag_processing.manager.DagFileProcessorManager] loc=manager.py:550
2025-12-07T12:35:37.641139Z [info     ] Not time to refresh bundle dags-folder [airflow.dag_processing.manager.DagFileProcessorManager] loc=manager.py:550
2025-12-07T12:35:37.687876Z [info     ] Sync 1 DAGs                    [airflow.serialization.serialized_objects] loc=serialized_objects.py:2893
2025-12-07T12:35:37.691922Z [info     ] Setting next_dagrun for two_task_dag to None, run_after=None [airflow.models.dag] loc=dag.py:688
2025-12-07T12:35:39.701721Z [info     ] 
================================================================================
DAG File Processing Stats

Bundle       File Path         PID    Current Duration      # DAGs    # Errors  Last Duration    Last Run At
-----------  ----------------  -----  ------------------  --------  ----------  ---------------  -------------------
dags-folder  one_task_dags.py                                    1           0  0.04s            2025-12-07T12:35:09
dags-folder  two_task_dag.py                                     1           0  0.04s            2025-12-07T12:35:37
================================================================================ [airflow.dag_processing.manager.DagFileProcessorManager] loc=manager.py:775
2025-12-07T12:35:39.756827Z [info     ] Sync 1 DAGs                    [airflow.serialization.serialized_objects] loc=serialized_objects.py:2893
2025-12-07T12:35:39.761074Z [info     ] Setting next_dagrun for one_task_dag to None, run_after=None [airflow.models.dag] loc=dag.py:688
2025-12-07T12:35:42.784195Z [info     ] Not time to refresh bundle dags-folder [airflow.dag_processing.manager.DagFileProcessorManager] loc=manager.py:550
2025-12-07T12:35:47.828315Z [info     ] Not time to refresh bundle dags-folder [airflow.dag_processing.manager.DagFileProcessorManager] loc=manager.py:550
2025-12-07T12:35:52.872394Z [info     ] Not time to refresh bundle dags-folder [airflow.dag_processing.manager.DagFileProcessorManager] loc=manager.py:550
2025-12-07T12:35:57.915518Z [info     ] Not time to refresh bundle dags-folder [airflow.dag_processing.manager.DagFileProcessorManager] loc=manager.py:550
2025-12-07T12:36:02.958850Z [info     ] Not time to refresh bundle dags-folder [airflow.dag_processing.manager.DagFileProcessorManager] loc=manager.py:550
2025-12-07T12:36:08.008920Z [info     ] Not time to refresh bundle dags-folder [airflow.dag_processing.manager.DagFileProcessorManager] loc=manager.py:550
2025-12-07T12:36:08.057205Z [info     ] Sync 1 DAGs                    [airflow.serialization.serialized_objects] loc=serialized_objects.py:2893
2025-12-07T12:36:08.060950Z [info     ] Setting next_dagrun for two_task_dag to None, run_after=None [airflow.models.dag] loc=dag.py:688
2025-12-07T12:36:10.071970Z [info     ] 
================================================================================
DAG File Processing Stats

Bundle       File Path         PID    Current Duration      # DAGs    # Errors  Last Duration    Last Run At
-----------  ----------------  -----  ------------------  --------  ----------  ---------------  -------------------
dags-folder  two_task_dag.py                                     1           0  0.04s            2025-12-07T12:36:08
dags-folder  one_task_dags.py                                    1           0  0.04s            2025-12-07T12:35:39
================================================================================ [airflow.dag_processing.manager.DagFileProcessorManager] loc=manager.py:775
2025-12-07T12:36:10.149683Z [info     ] Sync 1 DAGs                    [airflow.serialization.serialized_objects] loc=serialized_objects.py:2893
2025-12-07T12:36:10.157024Z [info     ] Setting next_dagrun for one_task_dag to None, run_after=None [airflow.models.dag] loc=dag.py:688
2025-12-07T12:36:13.184758Z [info     ] Not time to refresh bundle dags-folder [airflow.dag_processing.manager.DagFileProcessorManager] loc=manager.py:550
2025-12-07T12:36:16.595764Z [info     ] Exiting gracefully upon receiving signal 15 [airflow.dag_processing.manager.DagFileProcessorManager] loc=manager.py:239
/home/vscode/.local/lib/python3.10/site-packages/airflow/providers/fab/auth_manager/fab_auth_manager.py:108 RemovedInAirflow4Warning: The airflow.security.permissions module is deprecated; please see https://airflow.apache.org/docs/apache-airflow/stable/security/deprecated_permissions.html
2025-12-07T12:36:38.587080Z [info     ] Starting the Dag Processor Job [airflow.jobs.dag_processor_job_runner.DagProcessorJobRunner] loc=dag_processor_job_runner.py:59
2025-12-07T12:36:38.587846Z [info     ] Processing files using up to 2 processes at a time  [airflow.dag_processing.manager.DagFileProcessorManager] loc=manager.py:265
2025-12-07T12:36:38.588129Z [info     ] Process each file at most once every 30 seconds [airflow.dag_processing.manager.DagFileProcessorManager] loc=manager.py:266
2025-12-07T12:36:38.589016Z [info     ] DAG bundles loaded: dags-folder [airflow.dag_processing.bundles.manager.DagBundlesManager] loc=manager.py:179
2025-12-07T12:36:38.596685Z [info     ] DAG bundles loaded: dags-folder [airflow.dag_processing.bundles.manager.DagBundlesManager] loc=manager.py:179
2025-12-07T12:36:38.597112Z [info     ] Checking for new files in bundle dags-folder every 300 seconds [airflow.dag_processing.manager.DagFileProcessorManager] loc=manager.py:276
2025-12-07T12:36:38.608045Z [info     ] Refreshing bundle dags-folder  [airflow.dag_processing.manager.DagFileProcessorManager] loc=manager.py:553
2025-12-07T12:36:38.613701Z [info     ] Searching for files in dags-folder at /workspaces/hands-on-introduction-data-engineering-4395021/airflow/dags [airflow.dag_processing.manager.DagFileProcessorManager] loc=manager.py:604
2025-12-07T12:36:38.615207Z [info     ] Found 2 files for bundle dags-folder [airflow.dag_processing.manager.DagFileProcessorManager] loc=manager.py:606
/home/vscode/.local/lib/python3.10/site-packages/airflow/api_fastapi/execution_api/routes/__init__.py:23 DeprecationWarning: 'HTTP_422_UNPROCESSABLE_ENTITY' is deprecated. Use 'HTTP_422_UNPROCESSABLE_CONTENT' instead.
2025-12-07T12:36:39.296217Z [info     ] 
================================================================================
DAG File Processing Stats

Bundle       File Path           PID  Current Duration      # DAGs    # Errors  Last Duration    Last Run At
-----------  ----------------  -----  ------------------  --------  ----------  ---------------  -------------
dags-folder  two_task_dag.py   73260  0.07s                      0           0
dags-folder  one_task_dags.py  73261  0.06s                      0           0
================================================================================ [airflow.dag_processing.manager.DagFileProcessorManager] loc=manager.py:775
2025-12-07T12:36:39.347148Z [info     ] Sync 1 DAGs                    [airflow.serialization.serialized_objects] loc=serialized_objects.py:2893
2025-12-07T12:36:39.363387Z [info     ] Setting next_dagrun for two_task_dag to None, run_after=None [airflow.models.dag] loc=dag.py:688
2025-12-07T12:36:39.428275Z [info     ] Sync 1 DAGs                    [airflow.serialization.serialized_objects] loc=serialized_objects.py:2893
2025-12-07T12:36:39.431195Z [info     ] Setting next_dagrun for one_task_dag to None, run_after=None [airflow.models.dag] loc=dag.py:688
2025-12-07T12:36:44.475551Z [info     ] Not time to refresh bundle dags-folder [airflow.dag_processing.manager.DagFileProcessorManager] loc=manager.py:550
2025-12-07T12:36:49.524704Z [info     ] Not time to refresh bundle dags-folder [airflow.dag_processing.manager.DagFileProcessorManager] loc=manager.py:550
2025-12-07T12:36:54.564535Z [info     ] Not time to refresh bundle dags-folder [airflow.dag_processing.manager.DagFileProcessorManager] loc=manager.py:550
2025-12-07T12:36:59.616686Z [info     ] Not time to refresh bundle dags-folder [airflow.dag_processing.manager.DagFileProcessorManager] loc=manager.py:550
2025-12-07T12:37:04.657986Z [info     ] Not time to refresh bundle dags-folder [airflow.dag_processing.manager.DagFileProcessorManager] loc=manager.py:550
2025-12-07T12:37:09.691279Z [info     ] 
================================================================================
DAG File Processing Stats

Bundle       File Path         PID    Current Duration      # DAGs    # Errors  Last Duration    Last Run At
-----------  ----------------  -----  ------------------  --------  ----------  ---------------  -------------------
dags-folder  one_task_dags.py                                    1           0  0.19s            2025-12-07T12:36:39
dags-folder  two_task_dag.py                                     1           0  0.12s            2025-12-07T12:36:39
================================================================================ [airflow.dag_processing.manager.DagFileProcessorManager] loc=manager.py:775
2025-12-07T12:37:09.701034Z [info     ] Not time to refresh bundle dags-folder [airflow.dag_processing.manager.DagFileProcessorManager] loc=manager.py:550
2025-12-07T12:37:09.771666Z [info     ] Sync 1 DAGs                    [airflow.serialization.serialized_objects] loc=serialized_objects.py:2893
2025-12-07T12:37:09.775617Z [info     ] Setting next_dagrun for two_task_dag to None, run_after=None [airflow.models.dag] loc=dag.py:688
2025-12-07T12:37:09.796914Z [info     ] Sync 1 DAGs                    [airflow.serialization.serialized_objects] loc=serialized_objects.py:2893
2025-12-07T12:37:09.798532Z [info     ] Setting next_dagrun for one_task_dag to None, run_after=None [airflow.models.dag] loc=dag.py:688
2025-12-07T12:37:14.826267Z [info     ] Not time to refresh bundle dags-folder [airflow.dag_processing.manager.DagFileProcessorManager] loc=manager.py:550
2025-12-07T12:37:19.877189Z [info     ] Not time to refresh bundle dags-folder [airflow.dag_processing.manager.DagFileProcessorManager] loc=manager.py:550
2025-12-07T12:37:24.926276Z [info     ] Not time to refresh bundle dags-folder [airflow.dag_processing.manager.DagFileProcessorManager] loc=manager.py:550
2025-12-07T12:37:29.973932Z [info     ] Not time to refresh bundle dags-folder [airflow.dag_processing.manager.DagFileProcessorManager] loc=manager.py:550
2025-12-07T12:37:34.413073Z [info     ] Exiting gracefully upon receiving signal 15 [airflow.dag_processing.manager.DagFileProcessorManager] loc=manager.py:239
/home/vscode/.local/lib/python3.10/site-packages/airflow/providers/fab/auth_manager/fab_auth_manager.py:108 RemovedInAirflow4Warning: The airflow.security.permissions module is deprecated; please see https://airflow.apache.org/docs/apache-airflow/stable/security/deprecated_permissions.html
2025-12-07T12:37:41.503191Z [info     ] Starting the Dag Processor Job [airflow.jobs.dag_processor_job_runner.DagProcessorJobRunner] loc=dag_processor_job_runner.py:59
2025-12-07T12:37:41.503728Z [info     ] Processing files using up to 2 processes at a time  [airflow.dag_processing.manager.DagFileProcessorManager] loc=manager.py:265
2025-12-07T12:37:41.503865Z [info     ] Process each file at most once every 30 seconds [airflow.dag_processing.manager.DagFileProcessorManager] loc=manager.py:266
2025-12-07T12:37:41.504863Z [info     ] DAG bundles loaded: dags-folder [airflow.dag_processing.bundles.manager.DagBundlesManager] loc=manager.py:179
2025-12-07T12:37:41.512830Z [info     ] DAG bundles loaded: dags-folder [airflow.dag_processing.bundles.manager.DagBundlesManager] loc=manager.py:179
2025-12-07T12:37:41.513233Z [info     ] Checking for new files in bundle dags-folder every 300 seconds [airflow.dag_processing.manager.DagFileProcessorManager] loc=manager.py:276
2025-12-07T12:37:41.524273Z [info     ] Refreshing bundle dags-folder  [airflow.dag_processing.manager.DagFileProcessorManager] loc=manager.py:553
2025-12-07T12:37:41.529851Z [info     ] Searching for files in dags-folder at /workspaces/hands-on-introduction-data-engineering-4395021/airflow/dags [airflow.dag_processing.manager.DagFileProcessorManager] loc=manager.py:604
2025-12-07T12:37:41.531516Z [info     ] Found 2 files for bundle dags-folder [airflow.dag_processing.manager.DagFileProcessorManager] loc=manager.py:606
/home/vscode/.local/lib/python3.10/site-packages/airflow/api_fastapi/execution_api/routes/__init__.py:23 DeprecationWarning: 'HTTP_422_UNPROCESSABLE_ENTITY' is deprecated. Use 'HTTP_422_UNPROCESSABLE_CONTENT' instead.
2025-12-07T12:37:42.656606Z [info     ] 
================================================================================
DAG File Processing Stats

Bundle       File Path           PID  Current Duration      # DAGs    # Errors  Last Duration    Last Run At
-----------  ----------------  -----  ------------------  --------  ----------  ---------------  -------------
dags-folder  two_task_dag.py   73731  0.11s                      0           0
dags-folder  one_task_dags.py  73732  0.09s                      0           0
================================================================================ [airflow.dag_processing.manager.DagFileProcessorManager] loc=manager.py:775
2025-12-07T12:37:42.681291Z [info     ] Sync 1 DAGs                    [airflow.serialization.serialized_objects] loc=serialized_objects.py:2893
2025-12-07T12:37:42.697841Z [info     ] Setting next_dagrun for two_task_dag to None, run_after=None [airflow.models.dag] loc=dag.py:688
2025-12-07T12:37:42.886018Z [info     ] Sync 1 DAGs                    [airflow.serialization.serialized_objects] loc=serialized_objects.py:2893
2025-12-07T12:37:42.894427Z [info     ] Setting next_dagrun for one_task_dag to None, run_after=None [airflow.models.dag] loc=dag.py:688
2025-12-07T12:37:46.993484Z [info     ] Not time to refresh bundle dags-folder [airflow.dag_processing.manager.DagFileProcessorManager] loc=manager.py:550
2025-12-07T12:37:52.052372Z [info     ] Not time to refresh bundle dags-folder [airflow.dag_processing.manager.DagFileProcessorManager] loc=manager.py:550
2025-12-07T12:37:57.087967Z [info     ] Not time to refresh bundle dags-folder [airflow.dag_processing.manager.DagFileProcessorManager] loc=manager.py:550
2025-12-07T12:38:02.131912Z [info     ] Not time to refresh bundle dags-folder [airflow.dag_processing.manager.DagFileProcessorManager] loc=manager.py:550
2025-12-07T12:38:07.175911Z [info     ] Not time to refresh bundle dags-folder [airflow.dag_processing.manager.DagFileProcessorManager] loc=manager.py:550
2025-12-07T12:38:12.219128Z [info     ] Not time to refresh bundle dags-folder [airflow.dag_processing.manager.DagFileProcessorManager] loc=manager.py:550
2025-12-07T12:38:13.218082Z [info     ] 
================================================================================
DAG File Processing Stats

Bundle       File Path         PID    Current Duration      # DAGs    # Errors  Last Duration    Last Run At
-----------  ----------------  -----  ------------------  --------  ----------  ---------------  -------------------
dags-folder  one_task_dags.py                                    1           0  0.32s            2025-12-07T12:37:42
dags-folder  two_task_dag.py                                     1           0  0.13s            2025-12-07T12:37:42
================================================================================ [airflow.dag_processing.manager.DagFileProcessorManager] loc=manager.py:775
2025-12-07T12:38:13.292698Z [info     ] Sync 1 DAGs                    [airflow.serialization.serialized_objects] loc=serialized_objects.py:2893
2025-12-07T12:38:13.297282Z [info     ] Setting next_dagrun for two_task_dag to None, run_after=None [airflow.models.dag] loc=dag.py:688
2025-12-07T12:38:13.317284Z [info     ] Sync 1 DAGs                    [airflow.serialization.serialized_objects] loc=serialized_objects.py:2893
2025-12-07T12:38:13.318986Z [info     ] Setting next_dagrun for one_task_dag to None, run_after=None [airflow.models.dag] loc=dag.py:688
2025-12-07T12:38:17.345848Z [info     ] Not time to refresh bundle dags-folder [airflow.dag_processing.manager.DagFileProcessorManager] loc=manager.py:550
2025-12-07T12:38:22.382636Z [info     ] Not time to refresh bundle dags-folder [airflow.dag_processing.manager.DagFileProcessorManager] loc=manager.py:550
2025-12-07T12:38:27.424475Z [info     ] Not time to refresh bundle dags-folder [airflow.dag_processing.manager.DagFileProcessorManager] loc=manager.py:550
2025-12-07T12:38:32.473090Z [info     ] Not time to refresh bundle dags-folder [airflow.dag_processing.manager.DagFileProcessorManager] loc=manager.py:550
2025-12-07T12:38:37.524947Z [info     ] Not time to refresh bundle dags-folder [airflow.dag_processing.manager.DagFileProcessorManager] loc=manager.py:550
2025-12-07T12:38:42.578379Z [info     ] Not time to refresh bundle dags-folder [airflow.dag_processing.manager.DagFileProcessorManager] loc=manager.py:550
2025-12-07T12:38:43.578447Z [info     ] 
================================================================================
DAG File Processing Stats

Bundle       File Path         PID    Current Duration      # DAGs    # Errors  Last Duration    Last Run At
-----------  ----------------  -----  ------------------  --------  ----------  ---------------  -------------------
dags-folder  one_task_dags.py                                    1           0  0.08s            2025-12-07T12:38:13
dags-folder  two_task_dag.py                                     1           0  0.07s            2025-12-07T12:38:13
================================================================================ [airflow.dag_processing.manager.DagFileProcessorManager] loc=manager.py:775
2025-12-07T12:38:43.660027Z [info     ] Sync 1 DAGs                    [airflow.serialization.serialized_objects] loc=serialized_objects.py:2893
2025-12-07T12:38:43.666251Z [info     ] Setting next_dagrun for two_task_dag to None, run_after=None [airflow.models.dag] loc=dag.py:688
2025-12-07T12:38:43.688728Z [info     ] Sync 1 DAGs                    [airflow.serialization.serialized_objects] loc=serialized_objects.py:2893
2025-12-07T12:38:43.690465Z [info     ] Setting next_dagrun for one_task_dag to None, run_after=None [airflow.models.dag] loc=dag.py:688
2025-12-07T12:38:47.710123Z [info     ] Not time to refresh bundle dags-folder [airflow.dag_processing.manager.DagFileProcessorManager] loc=manager.py:550
2025-12-07T12:38:52.755160Z [info     ] Not time to refresh bundle dags-folder [airflow.dag_processing.manager.DagFileProcessorManager] loc=manager.py:550
2025-12-07T12:38:57.797158Z [info     ] Not time to refresh bundle dags-folder [airflow.dag_processing.manager.DagFileProcessorManager] loc=manager.py:550
2025-12-07T12:39:02.841460Z [info     ] Not time to refresh bundle dags-folder [airflow.dag_processing.manager.DagFileProcessorManager] loc=manager.py:550
2025-12-07T12:39:07.884849Z [info     ] Not time to refresh bundle dags-folder [airflow.dag_processing.manager.DagFileProcessorManager] loc=manager.py:550
2025-12-07T12:39:12.929484Z [info     ] Not time to refresh bundle dags-folder [airflow.dag_processing.manager.DagFileProcessorManager] loc=manager.py:550
2025-12-07T12:39:13.927381Z [info     ] 
================================================================================
DAG File Processing Stats

Bundle       File Path         PID    Current Duration      # DAGs    # Errors  Last Duration    Last Run At
-----------  ----------------  -----  ------------------  --------  ----------  ---------------  -------------------
dags-folder  one_task_dags.py                                    1           0  0.09s            2025-12-07T12:38:43
dags-folder  two_task_dag.py                                     1           0  0.07s            2025-12-07T12:38:43
================================================================================ [airflow.dag_processing.manager.DagFileProcessorManager] loc=manager.py:775
2025-12-07T12:39:13.998654Z [info     ] Sync 1 DAGs                    [airflow.serialization.serialized_objects] loc=serialized_objects.py:2893
2025-12-07T12:39:14.002570Z [info     ] Setting next_dagrun for two_task_dag to None, run_after=None [airflow.models.dag] loc=dag.py:688
2025-12-07T12:39:14.022872Z [info     ] Sync 1 DAGs                    [airflow.serialization.serialized_objects] loc=serialized_objects.py:2893
2025-12-07T12:39:14.024652Z [info     ] Setting next_dagrun for one_task_dag to None, run_after=None [airflow.models.dag] loc=dag.py:688
2025-12-07T12:39:18.066472Z [info     ] Not time to refresh bundle dags-folder [airflow.dag_processing.manager.DagFileProcessorManager] loc=manager.py:550
2025-12-07T12:39:23.118168Z [info     ] Not time to refresh bundle dags-folder [airflow.dag_processing.manager.DagFileProcessorManager] loc=manager.py:550
2025-12-07T12:39:28.148023Z [info     ] Not time to refresh bundle dags-folder [airflow.dag_processing.manager.DagFileProcessorManager] loc=manager.py:550
2025-12-07T12:39:33.187109Z [info     ] Not time to refresh bundle dags-folder [airflow.dag_processing.manager.DagFileProcessorManager] loc=manager.py:550
2025-12-07T12:39:38.228901Z [info     ] Not time to refresh bundle dags-folder [airflow.dag_processing.manager.DagFileProcessorManager] loc=manager.py:550
2025-12-07T12:39:43.281185Z [info     ] Not time to refresh bundle dags-folder [airflow.dag_processing.manager.DagFileProcessorManager] loc=manager.py:550
2025-12-07T12:39:44.276250Z [info     ] 
================================================================================
DAG File Processing Stats

Bundle       File Path         PID    Current Duration      # DAGs    # Errors  Last Duration    Last Run At
-----------  ----------------  -----  ------------------  --------  ----------  ---------------  -------------------
dags-folder  one_task_dags.py                                    1           0  0.08s            2025-12-07T12:39:14
dags-folder  two_task_dag.py                                     1           0  0.06s            2025-12-07T12:39:13
================================================================================ [airflow.dag_processing.manager.DagFileProcessorManager] loc=manager.py:775
2025-12-07T12:39:44.362059Z [info     ] Sync 1 DAGs                    [airflow.serialization.serialized_objects] loc=serialized_objects.py:2893
2025-12-07T12:39:44.367877Z [info     ] Setting next_dagrun for two_task_dag to None, run_after=None [airflow.models.dag] loc=dag.py:688
2025-12-07T12:39:44.396378Z [info     ] Sync 1 DAGs                    [airflow.serialization.serialized_objects] loc=serialized_objects.py:2893
2025-12-07T12:39:44.399461Z [info     ] Setting next_dagrun for one_task_dag to None, run_after=None [airflow.models.dag] loc=dag.py:688
2025-12-07T12:39:48.441486Z [info     ] Not time to refresh bundle dags-folder [airflow.dag_processing.manager.DagFileProcessorManager] loc=manager.py:550
2025-12-07T12:39:53.488003Z [info     ] Not time to refresh bundle dags-folder [airflow.dag_processing.manager.DagFileProcessorManager] loc=manager.py:550
2025-12-07T12:39:58.528888Z [info     ] Not time to refresh bundle dags-folder [airflow.dag_processing.manager.DagFileProcessorManager] loc=manager.py:550
2025-12-07T12:40:03.570940Z [info     ] Not time to refresh bundle dags-folder [airflow.dag_processing.manager.DagFileProcessorManager] loc=manager.py:550
2025-12-07T12:40:08.616236Z [info     ] Not time to refresh bundle dags-folder [airflow.dag_processing.manager.DagFileProcessorManager] loc=manager.py:550
2025-12-07T12:40:13.667508Z [info     ] Not time to refresh bundle dags-folder [airflow.dag_processing.manager.DagFileProcessorManager] loc=manager.py:550
2025-12-07T12:40:14.666131Z [info     ] 
================================================================================
DAG File Processing Stats

Bundle       File Path         PID    Current Duration      # DAGs    # Errors  Last Duration    Last Run At
-----------  ----------------  -----  ------------------  --------  ----------  ---------------  -------------------
dags-folder  one_task_dags.py                                    1           0  0.09s            2025-12-07T12:39:44
dags-folder  two_task_dag.py                                     1           0  0.07s            2025-12-07T12:39:44
================================================================================ [airflow.dag_processing.manager.DagFileProcessorManager] loc=manager.py:775
2025-12-07T12:40:14.733155Z [info     ] Sync 1 DAGs                    [airflow.serialization.serialized_objects] loc=serialized_objects.py:2893
2025-12-07T12:40:14.738338Z [info     ] Setting next_dagrun for one_task_dag to None, run_after=None [airflow.models.dag] loc=dag.py:688
2025-12-07T12:40:14.765466Z [info     ] Sync 1 DAGs                    [airflow.serialization.serialized_objects] loc=serialized_objects.py:2893
2025-12-07T12:40:14.768395Z [info     ] Setting next_dagrun for two_task_dag to None, run_after=None [airflow.models.dag] loc=dag.py:688
2025-12-07T12:40:18.806608Z [info     ] Not time to refresh bundle dags-folder [airflow.dag_processing.manager.DagFileProcessorManager] loc=manager.py:550
2025-12-07T12:40:23.850241Z [info     ] Not time to refresh bundle dags-folder [airflow.dag_processing.manager.DagFileProcessorManager] loc=manager.py:550
2025-12-07T12:40:28.892302Z [info     ] Not time to refresh bundle dags-folder [airflow.dag_processing.manager.DagFileProcessorManager] loc=manager.py:550
2025-12-07T12:40:33.935902Z [info     ] Not time to refresh bundle dags-folder [airflow.dag_processing.manager.DagFileProcessorManager] loc=manager.py:550
2025-12-07T12:40:38.997607Z [info     ] Not time to refresh bundle dags-folder [airflow.dag_processing.manager.DagFileProcessorManager] loc=manager.py:550
2025-12-07T12:40:44.051021Z [info     ] Not time to refresh bundle dags-folder [airflow.dag_processing.manager.DagFileProcessorManager] loc=manager.py:550
2025-12-07T12:40:45.049851Z [info     ] 
================================================================================
DAG File Processing Stats

Bundle       File Path         PID    Current Duration      # DAGs    # Errors  Last Duration    Last Run At
-----------  ----------------  -----  ------------------  --------  ----------  ---------------  -------------------
dags-folder  two_task_dag.py                                     1           0  0.09s            2025-12-07T12:40:14
dags-folder  one_task_dags.py                                    1           0  0.05s            2025-12-07T12:40:14
================================================================================ [airflow.dag_processing.manager.DagFileProcessorManager] loc=manager.py:775
2025-12-07T12:40:45.142627Z [info     ] Sync 1 DAGs                    [airflow.serialization.serialized_objects] loc=serialized_objects.py:2893
2025-12-07T12:40:45.149204Z [info     ] Setting next_dagrun for two_task_dag to None, run_after=None [airflow.models.dag] loc=dag.py:688
2025-12-07T12:40:45.187291Z [info     ] Sync 1 DAGs                    [airflow.serialization.serialized_objects] loc=serialized_objects.py:2893
2025-12-07T12:40:45.192046Z [info     ] Setting next_dagrun for one_task_dag to None, run_after=None [airflow.models.dag] loc=dag.py:688
2025-12-07T12:40:49.227298Z [info     ] Not time to refresh bundle dags-folder [airflow.dag_processing.manager.DagFileProcessorManager] loc=manager.py:550
2025-12-07T12:40:54.270077Z [info     ] Not time to refresh bundle dags-folder [airflow.dag_processing.manager.DagFileProcessorManager] loc=manager.py:550
2025-12-07T12:40:59.315198Z [info     ] Not time to refresh bundle dags-folder [airflow.dag_processing.manager.DagFileProcessorManager] loc=manager.py:550
2025-12-07T12:41:04.360255Z [info     ] Not time to refresh bundle dags-folder [airflow.dag_processing.manager.DagFileProcessorManager] loc=manager.py:550
2025-12-07T12:41:09.404091Z [info     ] Not time to refresh bundle dags-folder [airflow.dag_processing.manager.DagFileProcessorManager] loc=manager.py:550
2025-12-07T12:41:14.448899Z [info     ] Not time to refresh bundle dags-folder [airflow.dag_processing.manager.DagFileProcessorManager] loc=manager.py:550
2025-12-07T12:41:15.448853Z [info     ] 
================================================================================
DAG File Processing Stats

Bundle       File Path         PID    Current Duration      # DAGs    # Errors  Last Duration    Last Run At
-----------  ----------------  -----  ------------------  --------  ----------  ---------------  -------------------
dags-folder  one_task_dags.py                                    1           0  0.12s            2025-12-07T12:40:45
dags-folder  two_task_dag.py                                     1           0  0.09s            2025-12-07T12:40:45
================================================================================ [airflow.dag_processing.manager.DagFileProcessorManager] loc=manager.py:775
2025-12-07T12:41:15.539090Z [info     ] Sync 1 DAGs                    [airflow.serialization.serialized_objects] loc=serialized_objects.py:2893
2025-12-07T12:41:15.544195Z [info     ] Setting next_dagrun for two_task_dag to None, run_after=None [airflow.models.dag] loc=dag.py:688
2025-12-07T12:41:15.566832Z [info     ] Sync 1 DAGs                    [airflow.serialization.serialized_objects] loc=serialized_objects.py:2893
2025-12-07T12:41:15.568769Z [info     ] Setting next_dagrun for one_task_dag to None, run_after=None [airflow.models.dag] loc=dag.py:688
2025-12-07T12:41:19.583128Z [info     ] Not time to refresh bundle dags-folder [airflow.dag_processing.manager.DagFileProcessorManager] loc=manager.py:550
2025-12-07T12:41:24.629994Z [info     ] Not time to refresh bundle dags-folder [airflow.dag_processing.manager.DagFileProcessorManager] loc=manager.py:550
2025-12-07T12:41:29.678144Z [info     ] Not time to refresh bundle dags-folder [airflow.dag_processing.manager.DagFileProcessorManager] loc=manager.py:550
2025-12-07T12:41:34.735838Z [info     ] Not time to refresh bundle dags-folder [airflow.dag_processing.manager.DagFileProcessorManager] loc=manager.py:550
2025-12-07T12:41:39.781579Z [info     ] Not time to refresh bundle dags-folder [airflow.dag_processing.manager.DagFileProcessorManager] loc=manager.py:550
2025-12-07T12:41:44.831097Z [info     ] Not time to refresh bundle dags-folder [airflow.dag_processing.manager.DagFileProcessorManager] loc=manager.py:550
2025-12-07T12:41:45.830472Z [info     ] 
================================================================================
DAG File Processing Stats

Bundle       File Path         PID    Current Duration      # DAGs    # Errors  Last Duration    Last Run At
-----------  ----------------  -----  ------------------  --------  ----------  ---------------  -------------------
dags-folder  one_task_dags.py                                    1           0  0.10s            2025-12-07T12:41:15
dags-folder  two_task_dag.py                                     1           0  0.08s            2025-12-07T12:41:15
================================================================================ [airflow.dag_processing.manager.DagFileProcessorManager] loc=manager.py:775
2025-12-07T12:41:45.905000Z [info     ] Sync 1 DAGs                    [airflow.serialization.serialized_objects] loc=serialized_objects.py:2893
2025-12-07T12:41:45.908910Z [info     ] Setting next_dagrun for two_task_dag to None, run_after=None [airflow.models.dag] loc=dag.py:688
2025-12-07T12:41:45.935053Z [info     ] Sync 1 DAGs                    [airflow.serialization.serialized_objects] loc=serialized_objects.py:2893
2025-12-07T12:41:45.937388Z [info     ] Setting next_dagrun for one_task_dag to None, run_after=None [airflow.models.dag] loc=dag.py:688
2025-12-07T12:41:49.958081Z [info     ] Not time to refresh bundle dags-folder [airflow.dag_processing.manager.DagFileProcessorManager] loc=manager.py:550
2025-12-07T12:41:54.994148Z [info     ] Not time to refresh bundle dags-folder [airflow.dag_processing.manager.DagFileProcessorManager] loc=manager.py:550
2025-12-07T12:42:00.050430Z [info     ] Not time to refresh bundle dags-folder [airflow.dag_processing.manager.DagFileProcessorManager] loc=manager.py:550
2025-12-07T12:42:05.091923Z [info     ] Not time to refresh bundle dags-folder [airflow.dag_processing.manager.DagFileProcessorManager] loc=manager.py:550
2025-12-07T12:42:10.134033Z [info     ] Not time to refresh bundle dags-folder [airflow.dag_processing.manager.DagFileProcessorManager] loc=manager.py:550
2025-12-07T12:42:15.180538Z [info     ] Not time to refresh bundle dags-folder [airflow.dag_processing.manager.DagFileProcessorManager] loc=manager.py:550
2025-12-07T12:42:16.178876Z [info     ] 
================================================================================
DAG File Processing Stats

Bundle       File Path         PID    Current Duration      # DAGs    # Errors  Last Duration    Last Run At
-----------  ----------------  -----  ------------------  --------  ----------  ---------------  -------------------
dags-folder  one_task_dags.py                                    1           0  0.09s            2025-12-07T12:41:45
dags-folder  two_task_dag.py                                     1           0  0.07s            2025-12-07T12:41:45
================================================================================ [airflow.dag_processing.manager.DagFileProcessorManager] loc=manager.py:775
2025-12-07T12:42:16.245628Z [info     ] Sync 1 DAGs                    [airflow.serialization.serialized_objects] loc=serialized_objects.py:2893
2025-12-07T12:42:16.251740Z [info     ] Setting next_dagrun for one_task_dag to None, run_after=None [airflow.models.dag] loc=dag.py:688
2025-12-07T12:42:16.279884Z [info     ] Sync 1 DAGs                    [airflow.serialization.serialized_objects] loc=serialized_objects.py:2893
2025-12-07T12:42:16.282958Z [info     ] Setting next_dagrun for two_task_dag to None, run_after=None [airflow.models.dag] loc=dag.py:688
2025-12-07T12:42:20.332914Z [info     ] Not time to refresh bundle dags-folder [airflow.dag_processing.manager.DagFileProcessorManager] loc=manager.py:550
2025-12-07T12:42:25.369187Z [info     ] Not time to refresh bundle dags-folder [airflow.dag_processing.manager.DagFileProcessorManager] loc=manager.py:550
2025-12-07T12:42:30.416215Z [info     ] Not time to refresh bundle dags-folder [airflow.dag_processing.manager.DagFileProcessorManager] loc=manager.py:550
2025-12-07T12:42:35.461161Z [info     ] Not time to refresh bundle dags-folder [airflow.dag_processing.manager.DagFileProcessorManager] loc=manager.py:550
2025-12-07T12:42:40.505274Z [info     ] Not time to refresh bundle dags-folder [airflow.dag_processing.manager.DagFileProcessorManager] loc=manager.py:550
2025-12-07T12:42:45.553324Z [info     ] Refreshing bundle dags-folder  [airflow.dag_processing.manager.DagFileProcessorManager] loc=manager.py:553
2025-12-07T12:42:45.557498Z [info     ] Searching for files in dags-folder at /workspaces/hands-on-introduction-data-engineering-4395021/airflow/dags [airflow.dag_processing.manager.DagFileProcessorManager] loc=manager.py:604
2025-12-07T12:42:45.558660Z [info     ] Found 2 files for bundle dags-folder [airflow.dag_processing.manager.DagFileProcessorManager] loc=manager.py:606
2025-12-07T12:42:46.553733Z [info     ] 
================================================================================
DAG File Processing Stats

Bundle       File Path         PID    Current Duration      # DAGs    # Errors  Last Duration    Last Run At
-----------  ----------------  -----  ------------------  --------  ----------  ---------------  -------------------
dags-folder  two_task_dag.py                                     1           0  0.09s            2025-12-07T12:42:16
dags-folder  one_task_dags.py                                    1           0  0.05s            2025-12-07T12:42:16
================================================================================ [airflow.dag_processing.manager.DagFileProcessorManager] loc=manager.py:775
2025-12-07T12:42:46.623037Z [info     ] Sync 1 DAGs                    [airflow.serialization.serialized_objects] loc=serialized_objects.py:2893
2025-12-07T12:42:46.626943Z [info     ] Setting next_dagrun for two_task_dag to None, run_after=None [airflow.models.dag] loc=dag.py:688
2025-12-07T12:42:46.647507Z [info     ] Sync 1 DAGs                    [airflow.serialization.serialized_objects] loc=serialized_objects.py:2893
2025-12-07T12:42:46.649195Z [info     ] Setting next_dagrun for one_task_dag to None, run_after=None [airflow.models.dag] loc=dag.py:688
2025-12-07T12:42:50.667578Z [info     ] Not time to refresh bundle dags-folder [airflow.dag_processing.manager.DagFileProcessorManager] loc=manager.py:550
2025-12-07T12:42:55.721725Z [info     ] Not time to refresh bundle dags-folder [airflow.dag_processing.manager.DagFileProcessorManager] loc=manager.py:550
2025-12-07T12:43:00.757339Z [info     ] Not time to refresh bundle dags-folder [airflow.dag_processing.manager.DagFileProcessorManager] loc=manager.py:550
2025-12-07T12:43:05.801717Z [info     ] Not time to refresh bundle dags-folder [airflow.dag_processing.manager.DagFileProcessorManager] loc=manager.py:550
2025-12-07T12:43:10.847013Z [info     ] Not time to refresh bundle dags-folder [airflow.dag_processing.manager.DagFileProcessorManager] loc=manager.py:550
2025-12-07T12:43:15.903706Z [info     ] Not time to refresh bundle dags-folder [airflow.dag_processing.manager.DagFileProcessorManager] loc=manager.py:550
2025-12-07T12:43:16.902448Z [info     ] 
================================================================================
DAG File Processing Stats

Bundle       File Path         PID    Current Duration      # DAGs    # Errors  Last Duration    Last Run At
-----------  ----------------  -----  ------------------  --------  ----------  ---------------  -------------------
dags-folder  one_task_dags.py                                    1           0  0.08s            2025-12-07T12:42:46
dags-folder  two_task_dag.py                                     1           0  0.06s            2025-12-07T12:42:46
================================================================================ [airflow.dag_processing.manager.DagFileProcessorManager] loc=manager.py:775
2025-12-07T12:43:16.970758Z [info     ] Sync 1 DAGs                    [airflow.serialization.serialized_objects] loc=serialized_objects.py:2893
2025-12-07T12:43:16.975759Z [info     ] Setting next_dagrun for one_task_dag to None, run_after=None [airflow.models.dag] loc=dag.py:688
2025-12-07T12:43:17.009641Z [info     ] Sync 1 DAGs                    [airflow.serialization.serialized_objects] loc=serialized_objects.py:2893
2025-12-07T12:43:17.012762Z [info     ] Setting next_dagrun for two_task_dag to None, run_after=None [airflow.models.dag] loc=dag.py:688
2025-12-07T12:43:21.059289Z [info     ] Not time to refresh bundle dags-folder [airflow.dag_processing.manager.DagFileProcessorManager] loc=manager.py:550
2025-12-07T12:43:26.109607Z [info     ] Not time to refresh bundle dags-folder [airflow.dag_processing.manager.DagFileProcessorManager] loc=manager.py:550
2025-12-07T12:43:31.153932Z [info     ] Not time to refresh bundle dags-folder [airflow.dag_processing.manager.DagFileProcessorManager] loc=manager.py:550
2025-12-07T12:43:36.213758Z [info     ] Not time to refresh bundle dags-folder [airflow.dag_processing.manager.DagFileProcessorManager] loc=manager.py:550
2025-12-07T12:43:41.255373Z [info     ] Not time to refresh bundle dags-folder [airflow.dag_processing.manager.DagFileProcessorManager] loc=manager.py:550
2025-12-07T12:43:46.306716Z [info     ] Not time to refresh bundle dags-folder [airflow.dag_processing.manager.DagFileProcessorManager] loc=manager.py:550
2025-12-07T12:43:47.303999Z [info     ] 
================================================================================
DAG File Processing Stats

Bundle       File Path         PID    Current Duration      # DAGs    # Errors  Last Duration    Last Run At
-----------  ----------------  -----  ------------------  --------  ----------  ---------------  -------------------
dags-folder  two_task_dag.py                                     1           0  0.10s            2025-12-07T12:43:17
dags-folder  one_task_dags.py                                    1           0  0.05s            2025-12-07T12:43:16
================================================================================ [airflow.dag_processing.manager.DagFileProcessorManager] loc=manager.py:775
2025-12-07T12:43:47.418517Z [info     ] Sync 1 DAGs                    [airflow.serialization.serialized_objects] loc=serialized_objects.py:2893
2025-12-07T12:43:47.422868Z [info     ] Setting next_dagrun for two_task_dag to None, run_after=None [airflow.models.dag] loc=dag.py:688
2025-12-07T12:43:47.443152Z [info     ] Sync 1 DAGs                    [airflow.serialization.serialized_objects] loc=serialized_objects.py:2893
2025-12-07T12:43:47.444922Z [info     ] Setting next_dagrun for one_task_dag to None, run_after=None [airflow.models.dag] loc=dag.py:688
2025-12-07T12:43:51.464093Z [info     ] Not time to refresh bundle dags-folder [airflow.dag_processing.manager.DagFileProcessorManager] loc=manager.py:550
2025-12-07T12:43:56.511506Z [info     ] Not time to refresh bundle dags-folder [airflow.dag_processing.manager.DagFileProcessorManager] loc=manager.py:550
2025-12-07T12:44:01.560275Z [info     ] Not time to refresh bundle dags-folder [airflow.dag_processing.manager.DagFileProcessorManager] loc=manager.py:550
2025-12-07T12:44:06.607893Z [info     ] Not time to refresh bundle dags-folder [airflow.dag_processing.manager.DagFileProcessorManager] loc=manager.py:550
2025-12-07T12:44:11.662021Z [info     ] Not time to refresh bundle dags-folder [airflow.dag_processing.manager.DagFileProcessorManager] loc=manager.py:550
2025-12-07T12:44:16.709939Z [info     ] Not time to refresh bundle dags-folder [airflow.dag_processing.manager.DagFileProcessorManager] loc=manager.py:550
2025-12-07T12:44:17.710270Z [info     ] 
================================================================================
DAG File Processing Stats

Bundle       File Path         PID    Current Duration      # DAGs    # Errors  Last Duration    Last Run At
-----------  ----------------  -----  ------------------  --------  ----------  ---------------  -------------------
dags-folder  two_task_dag.py                                     1           0  0.10s            2025-12-07T12:43:47
dags-folder  one_task_dags.py                                    1           0  0.10s            2025-12-07T12:43:47
================================================================================ [airflow.dag_processing.manager.DagFileProcessorManager] loc=manager.py:775
2025-12-07T12:44:17.786096Z [info     ] Sync 1 DAGs                    [airflow.serialization.serialized_objects] loc=serialized_objects.py:2893
2025-12-07T12:44:17.790377Z [info     ] Setting next_dagrun for two_task_dag to None, run_after=None [airflow.models.dag] loc=dag.py:688
2025-12-07T12:44:17.811888Z [info     ] Sync 1 DAGs                    [airflow.serialization.serialized_objects] loc=serialized_objects.py:2893
2025-12-07T12:44:17.816507Z [info     ] Setting next_dagrun for one_task_dag to None, run_after=None [airflow.models.dag] loc=dag.py:688
2025-12-07T12:44:21.826919Z [info     ] Not time to refresh bundle dags-folder [airflow.dag_processing.manager.DagFileProcessorManager] loc=manager.py:550
2025-12-07T12:44:26.869452Z [info     ] Not time to refresh bundle dags-folder [airflow.dag_processing.manager.DagFileProcessorManager] loc=manager.py:550
2025-12-07T12:44:31.912136Z [info     ] Not time to refresh bundle dags-folder [airflow.dag_processing.manager.DagFileProcessorManager] loc=manager.py:550
2025-12-07T12:44:36.953931Z [info     ] Not time to refresh bundle dags-folder [airflow.dag_processing.manager.DagFileProcessorManager] loc=manager.py:550
2025-12-07T12:44:41.997808Z [info     ] Not time to refresh bundle dags-folder [airflow.dag_processing.manager.DagFileProcessorManager] loc=manager.py:550
2025-12-07T12:44:47.042300Z [info     ] Not time to refresh bundle dags-folder [airflow.dag_processing.manager.DagFileProcessorManager] loc=manager.py:550
2025-12-07T12:44:48.042069Z [info     ] 
================================================================================
DAG File Processing Stats

Bundle       File Path         PID    Current Duration      # DAGs    # Errors  Last Duration    Last Run At
-----------  ----------------  -----  ------------------  --------  ----------  ---------------  -------------------
dags-folder  one_task_dags.py                                    1           0  0.09s            2025-12-07T12:44:17
dags-folder  two_task_dag.py                                     1           0  0.07s            2025-12-07T12:44:17
================================================================================ [airflow.dag_processing.manager.DagFileProcessorManager] loc=manager.py:775
2025-12-07T12:44:48.108949Z [info     ] Sync 1 DAGs                    [airflow.serialization.serialized_objects] loc=serialized_objects.py:2893
2025-12-07T12:44:48.114106Z [info     ] Setting next_dagrun for one_task_dag to None, run_after=None [airflow.models.dag] loc=dag.py:688
2025-12-07T12:44:48.142386Z [info     ] Sync 1 DAGs                    [airflow.serialization.serialized_objects] loc=serialized_objects.py:2893
2025-12-07T12:44:48.145266Z [info     ] Setting next_dagrun for two_task_dag to None, run_after=None [airflow.models.dag] loc=dag.py:688
2025-12-07T12:44:52.190555Z [info     ] Not time to refresh bundle dags-folder [airflow.dag_processing.manager.DagFileProcessorManager] loc=manager.py:550
2025-12-07T12:44:57.241987Z [info     ] Not time to refresh bundle dags-folder [airflow.dag_processing.manager.DagFileProcessorManager] loc=manager.py:550
2025-12-07T12:45:02.289490Z [info     ] Not time to refresh bundle dags-folder [airflow.dag_processing.manager.DagFileProcessorManager] loc=manager.py:550
2025-12-07T12:45:07.333073Z [info     ] Not time to refresh bundle dags-folder [airflow.dag_processing.manager.DagFileProcessorManager] loc=manager.py:550
2025-12-07T12:45:12.373254Z [info     ] Not time to refresh bundle dags-folder [airflow.dag_processing.manager.DagFileProcessorManager] loc=manager.py:550
2025-12-07T12:45:17.415958Z [info     ] Not time to refresh bundle dags-folder [airflow.dag_processing.manager.DagFileProcessorManager] loc=manager.py:550
2025-12-07T12:45:18.413568Z [info     ] 
================================================================================
DAG File Processing Stats

Bundle       File Path         PID    Current Duration      # DAGs    # Errors  Last Duration    Last Run At
-----------  ----------------  -----  ------------------  --------  ----------  ---------------  -------------------
dags-folder  two_task_dag.py                                     1           0  0.09s            2025-12-07T12:44:48
dags-folder  one_task_dags.py                                    1           0  0.05s            2025-12-07T12:44:48
================================================================================ [airflow.dag_processing.manager.DagFileProcessorManager] loc=manager.py:775
2025-12-07T12:45:18.496730Z [info     ] Sync 1 DAGs                    [airflow.serialization.serialized_objects] loc=serialized_objects.py:2893
2025-12-07T12:45:18.501833Z [info     ] Setting next_dagrun for two_task_dag to None, run_after=None [airflow.models.dag] loc=dag.py:688
2025-12-07T12:45:18.529392Z [info     ] Sync 1 DAGs                    [airflow.serialization.serialized_objects] loc=serialized_objects.py:2893
2025-12-07T12:45:18.532345Z [info     ] Setting next_dagrun for one_task_dag to None, run_after=None [airflow.models.dag] loc=dag.py:688
2025-12-07T12:45:22.580682Z [info     ] Not time to refresh bundle dags-folder [airflow.dag_processing.manager.DagFileProcessorManager] loc=manager.py:550
2025-12-07T12:45:27.629904Z [info     ] Not time to refresh bundle dags-folder [airflow.dag_processing.manager.DagFileProcessorManager] loc=manager.py:550
2025-12-07T12:45:32.673887Z [info     ] Not time to refresh bundle dags-folder [airflow.dag_processing.manager.DagFileProcessorManager] loc=manager.py:550
2025-12-07T12:45:37.718428Z [info     ] Not time to refresh bundle dags-folder [airflow.dag_processing.manager.DagFileProcessorManager] loc=manager.py:550
2025-12-07T12:45:42.765181Z [info     ] Not time to refresh bundle dags-folder [airflow.dag_processing.manager.DagFileProcessorManager] loc=manager.py:550
2025-12-07T12:45:47.814951Z [info     ] Not time to refresh bundle dags-folder [airflow.dag_processing.manager.DagFileProcessorManager] loc=manager.py:550
2025-12-07T12:45:48.814954Z [info     ] 
================================================================================
DAG File Processing Stats

Bundle       File Path         PID    Current Duration      # DAGs    # Errors  Last Duration    Last Run At
-----------  ----------------  -----  ------------------  --------  ----------  ---------------  -------------------
dags-folder  one_task_dags.py                                    1           0  0.10s            2025-12-07T12:45:18
dags-folder  two_task_dag.py                                     1           0  0.08s            2025-12-07T12:45:18
================================================================================ [airflow.dag_processing.manager.DagFileProcessorManager] loc=manager.py:775
2025-12-07T12:45:48.888096Z [info     ] Sync 1 DAGs                    [airflow.serialization.serialized_objects] loc=serialized_objects.py:2893
2025-12-07T12:45:48.892373Z [info     ] Setting next_dagrun for two_task_dag to None, run_after=None [airflow.models.dag] loc=dag.py:688
2025-12-07T12:45:48.913172Z [info     ] Sync 1 DAGs                    [airflow.serialization.serialized_objects] loc=serialized_objects.py:2893
2025-12-07T12:45:48.915138Z [info     ] Setting next_dagrun for one_task_dag to None, run_after=None [airflow.models.dag] loc=dag.py:688
2025-12-07T12:45:52.934227Z [info     ] Not time to refresh bundle dags-folder [airflow.dag_processing.manager.DagFileProcessorManager] loc=manager.py:550
2025-12-07T12:45:57.981140Z [info     ] Not time to refresh bundle dags-folder [airflow.dag_processing.manager.DagFileProcessorManager] loc=manager.py:550
2025-12-07T12:46:03.032458Z [info     ] Not time to refresh bundle dags-folder [airflow.dag_processing.manager.DagFileProcessorManager] loc=manager.py:550
2025-12-07T12:46:08.080953Z [info     ] Not time to refresh bundle dags-folder [airflow.dag_processing.manager.DagFileProcessorManager] loc=manager.py:550
2025-12-07T12:46:13.127830Z [info     ] Not time to refresh bundle dags-folder [airflow.dag_processing.manager.DagFileProcessorManager] loc=manager.py:550
2025-12-07T12:46:18.176979Z [info     ] Not time to refresh bundle dags-folder [airflow.dag_processing.manager.DagFileProcessorManager] loc=manager.py:550
2025-12-07T12:46:19.176620Z [info     ] 
================================================================================
DAG File Processing Stats

Bundle       File Path         PID    Current Duration      # DAGs    # Errors  Last Duration    Last Run At
-----------  ----------------  -----  ------------------  --------  ----------  ---------------  -------------------
dags-folder  one_task_dags.py                                    1           0  0.08s            2025-12-07T12:45:48
dags-folder  two_task_dag.py                                     1           0  0.07s            2025-12-07T12:45:48
================================================================================ [airflow.dag_processing.manager.DagFileProcessorManager] loc=manager.py:775
2025-12-07T12:46:19.244508Z [info     ] Sync 1 DAGs                    [airflow.serialization.serialized_objects] loc=serialized_objects.py:2893
2025-12-07T12:46:19.250006Z [info     ] Setting next_dagrun for one_task_dag to None, run_after=None [airflow.models.dag] loc=dag.py:688
2025-12-07T12:46:19.277779Z [info     ] Sync 1 DAGs                    [airflow.serialization.serialized_objects] loc=serialized_objects.py:2893
2025-12-07T12:46:19.281047Z [info     ] Setting next_dagrun for two_task_dag to None, run_after=None [airflow.models.dag] loc=dag.py:688
2025-12-07T12:46:23.326023Z [info     ] Not time to refresh bundle dags-folder [airflow.dag_processing.manager.DagFileProcessorManager] loc=manager.py:550
2025-12-07T12:46:28.368548Z [info     ] Not time to refresh bundle dags-folder [airflow.dag_processing.manager.DagFileProcessorManager] loc=manager.py:550
2025-12-07T12:46:33.413092Z [info     ] Not time to refresh bundle dags-folder [airflow.dag_processing.manager.DagFileProcessorManager] loc=manager.py:550
2025-12-07T12:46:38.460386Z [info     ] Not time to refresh bundle dags-folder [airflow.dag_processing.manager.DagFileProcessorManager] loc=manager.py:550
2025-12-07T12:46:43.505096Z [info     ] Not time to refresh bundle dags-folder [airflow.dag_processing.manager.DagFileProcessorManager] loc=manager.py:550
2025-12-07T12:46:48.558868Z [info     ] Not time to refresh bundle dags-folder [airflow.dag_processing.manager.DagFileProcessorManager] loc=manager.py:550
2025-12-07T12:46:49.559249Z [info     ] 
================================================================================
DAG File Processing Stats

Bundle       File Path         PID    Current Duration      # DAGs    # Errors  Last Duration    Last Run At
-----------  ----------------  -----  ------------------  --------  ----------  ---------------  -------------------
dags-folder  two_task_dag.py                                     1           0  0.09s            2025-12-07T12:46:19
dags-folder  one_task_dags.py                                    1           0  0.05s            2025-12-07T12:46:19
================================================================================ [airflow.dag_processing.manager.DagFileProcessorManager] loc=manager.py:775
2025-12-07T12:46:49.623952Z [info     ] Sync 1 DAGs                    [airflow.serialization.serialized_objects] loc=serialized_objects.py:2893
2025-12-07T12:46:49.629034Z [info     ] Setting next_dagrun for one_task_dag to None, run_after=None [airflow.models.dag] loc=dag.py:688
2025-12-07T12:46:49.657478Z [info     ] Sync 1 DAGs                    [airflow.serialization.serialized_objects] loc=serialized_objects.py:2893
2025-12-07T12:46:49.660527Z [info     ] Setting next_dagrun for two_task_dag to None, run_after=None [airflow.models.dag] loc=dag.py:688
2025-12-07T12:46:53.700904Z [info     ] Not time to refresh bundle dags-folder [airflow.dag_processing.manager.DagFileProcessorManager] loc=manager.py:550
2025-12-07T12:46:58.743642Z [info     ] Not time to refresh bundle dags-folder [airflow.dag_processing.manager.DagFileProcessorManager] loc=manager.py:550
2025-12-07T12:47:03.787039Z [info     ] Not time to refresh bundle dags-folder [airflow.dag_processing.manager.DagFileProcessorManager] loc=manager.py:550
2025-12-07T12:47:08.830692Z [info     ] Not time to refresh bundle dags-folder [airflow.dag_processing.manager.DagFileProcessorManager] loc=manager.py:550
2025-12-07T12:47:13.872972Z [info     ] Not time to refresh bundle dags-folder [airflow.dag_processing.manager.DagFileProcessorManager] loc=manager.py:550
2025-12-07T12:47:18.921123Z [info     ] Not time to refresh bundle dags-folder [airflow.dag_processing.manager.DagFileProcessorManager] loc=manager.py:550
2025-12-07T12:47:19.921257Z [info     ] 
================================================================================
DAG File Processing Stats

Bundle       File Path         PID    Current Duration      # DAGs    # Errors  Last Duration    Last Run At
-----------  ----------------  -----  ------------------  --------  ----------  ---------------  -------------------
dags-folder  two_task_dag.py                                     1           0  0.09s            2025-12-07T12:46:49
dags-folder  one_task_dags.py                                    1           0  0.05s            2025-12-07T12:46:49
================================================================================ [airflow.dag_processing.manager.DagFileProcessorManager] loc=manager.py:775
2025-12-07T12:47:19.986792Z [info     ] Sync 1 DAGs                    [airflow.serialization.serialized_objects] loc=serialized_objects.py:2893
2025-12-07T12:47:19.992156Z [info     ] Setting next_dagrun for one_task_dag to None, run_after=None [airflow.models.dag] loc=dag.py:688
2025-12-07T12:47:20.019120Z [info     ] Sync 1 DAGs                    [airflow.serialization.serialized_objects] loc=serialized_objects.py:2893
2025-12-07T12:47:20.021942Z [info     ] Setting next_dagrun for two_task_dag to None, run_after=None [airflow.models.dag] loc=dag.py:688
2025-12-07T12:47:24.059888Z [info     ] Not time to refresh bundle dags-folder [airflow.dag_processing.manager.DagFileProcessorManager] loc=manager.py:550
2025-12-07T12:47:29.101361Z [info     ] Not time to refresh bundle dags-folder [airflow.dag_processing.manager.DagFileProcessorManager] loc=manager.py:550
2025-12-07T12:47:34.144653Z [info     ] Not time to refresh bundle dags-folder [airflow.dag_processing.manager.DagFileProcessorManager] loc=manager.py:550
2025-12-07T12:47:39.191466Z [info     ] Not time to refresh bundle dags-folder [airflow.dag_processing.manager.DagFileProcessorManager] loc=manager.py:550
2025-12-07T12:47:44.240431Z [info     ] Not time to refresh bundle dags-folder [airflow.dag_processing.manager.DagFileProcessorManager] loc=manager.py:550
2025-12-07T12:47:49.287523Z [info     ] Refreshing bundle dags-folder  [airflow.dag_processing.manager.DagFileProcessorManager] loc=manager.py:553
2025-12-07T12:47:49.291668Z [info     ] Searching for files in dags-folder at /workspaces/hands-on-introduction-data-engineering-4395021/airflow/dags [airflow.dag_processing.manager.DagFileProcessorManager] loc=manager.py:604
2025-12-07T12:47:49.292879Z [info     ] Found 2 files for bundle dags-folder [airflow.dag_processing.manager.DagFileProcessorManager] loc=manager.py:606
2025-12-07T12:47:50.287241Z [info     ] 
================================================================================
DAG File Processing Stats

Bundle       File Path         PID    Current Duration      # DAGs    # Errors  Last Duration    Last Run At
-----------  ----------------  -----  ------------------  --------  ----------  ---------------  -------------------
dags-folder  two_task_dag.py                                     1           0  0.09s            2025-12-07T12:47:20
dags-folder  one_task_dags.py                                    1           0  0.05s            2025-12-07T12:47:19
================================================================================ [airflow.dag_processing.manager.DagFileProcessorManager] loc=manager.py:775
2025-12-07T12:47:50.352984Z [info     ] Sync 1 DAGs                    [airflow.serialization.serialized_objects] loc=serialized_objects.py:2893
2025-12-07T12:47:50.358216Z [info     ] Setting next_dagrun for one_task_dag to None, run_after=None [airflow.models.dag] loc=dag.py:688
2025-12-07T12:47:50.386001Z [info     ] Sync 1 DAGs                    [airflow.serialization.serialized_objects] loc=serialized_objects.py:2893
2025-12-07T12:47:50.389096Z [info     ] Setting next_dagrun for two_task_dag to None, run_after=None [airflow.models.dag] loc=dag.py:688
2025-12-07T12:47:54.425454Z [info     ] Not time to refresh bundle dags-folder [airflow.dag_processing.manager.DagFileProcessorManager] loc=manager.py:550
2025-12-07T12:47:59.468072Z [info     ] Not time to refresh bundle dags-folder [airflow.dag_processing.manager.DagFileProcessorManager] loc=manager.py:550
2025-12-07T12:48:04.508647Z [info     ] Not time to refresh bundle dags-folder [airflow.dag_processing.manager.DagFileProcessorManager] loc=manager.py:550
2025-12-07T12:48:09.550444Z [info     ] Not time to refresh bundle dags-folder [airflow.dag_processing.manager.DagFileProcessorManager] loc=manager.py:550
2025-12-07T12:48:14.593034Z [info     ] Not time to refresh bundle dags-folder [airflow.dag_processing.manager.DagFileProcessorManager] loc=manager.py:550
2025-12-07T12:48:19.637599Z [info     ] Not time to refresh bundle dags-folder [airflow.dag_processing.manager.DagFileProcessorManager] loc=manager.py:550
2025-12-07T12:48:20.638012Z [info     ] 
================================================================================
DAG File Processing Stats

Bundle       File Path         PID    Current Duration      # DAGs    # Errors  Last Duration    Last Run At
-----------  ----------------  -----  ------------------  --------  ----------  ---------------  -------------------
dags-folder  two_task_dag.py                                     1           0  0.09s            2025-12-07T12:47:50
dags-folder  one_task_dags.py                                    1           0  0.05s            2025-12-07T12:47:50
================================================================================ [airflow.dag_processing.manager.DagFileProcessorManager] loc=manager.py:775
2025-12-07T12:48:20.703965Z [info     ] Sync 1 DAGs                    [airflow.serialization.serialized_objects] loc=serialized_objects.py:2893
2025-12-07T12:48:20.708816Z [info     ] Setting next_dagrun for one_task_dag to None, run_after=None [airflow.models.dag] loc=dag.py:688
2025-12-07T12:48:20.737281Z [info     ] Sync 1 DAGs                    [airflow.serialization.serialized_objects] loc=serialized_objects.py:2893
2025-12-07T12:48:20.740279Z [info     ] Setting next_dagrun for two_task_dag to None, run_after=None [airflow.models.dag] loc=dag.py:688
2025-12-07T12:48:24.778807Z [info     ] Not time to refresh bundle dags-folder [airflow.dag_processing.manager.DagFileProcessorManager] loc=manager.py:550
2025-12-07T12:48:29.828183Z [info     ] Not time to refresh bundle dags-folder [airflow.dag_processing.manager.DagFileProcessorManager] loc=manager.py:550
2025-12-07T12:48:34.872932Z [info     ] Not time to refresh bundle dags-folder [airflow.dag_processing.manager.DagFileProcessorManager] loc=manager.py:550
2025-12-07T12:48:39.914988Z [info     ] Not time to refresh bundle dags-folder [airflow.dag_processing.manager.DagFileProcessorManager] loc=manager.py:550
2025-12-07T12:48:44.957805Z [info     ] Not time to refresh bundle dags-folder [airflow.dag_processing.manager.DagFileProcessorManager] loc=manager.py:550
2025-12-07T12:48:50.002944Z [info     ] Not time to refresh bundle dags-folder [airflow.dag_processing.manager.DagFileProcessorManager] loc=manager.py:550
2025-12-07T12:48:51.001673Z [info     ] 
================================================================================
DAG File Processing Stats

Bundle       File Path         PID    Current Duration      # DAGs    # Errors  Last Duration    Last Run At
-----------  ----------------  -----  ------------------  --------  ----------  ---------------  -------------------
dags-folder  two_task_dag.py                                     1           0  0.09s            2025-12-07T12:48:20
dags-folder  one_task_dags.py                                    1           0  0.05s            2025-12-07T12:48:20
================================================================================ [airflow.dag_processing.manager.DagFileProcessorManager] loc=manager.py:775
2025-12-07T12:48:51.069417Z [info     ] Sync 1 DAGs                    [airflow.serialization.serialized_objects] loc=serialized_objects.py:2893
2025-12-07T12:48:51.074360Z [info     ] Setting next_dagrun for one_task_dag to None, run_after=None [airflow.models.dag] loc=dag.py:688
2025-12-07T12:48:51.101035Z [info     ] Sync 1 DAGs                    [airflow.serialization.serialized_objects] loc=serialized_objects.py:2893
2025-12-07T12:48:51.103885Z [info     ] Setting next_dagrun for two_task_dag to None, run_after=None [airflow.models.dag] loc=dag.py:688
2025-12-07T12:48:55.147319Z [info     ] Not time to refresh bundle dags-folder [airflow.dag_processing.manager.DagFileProcessorManager] loc=manager.py:550
2025-12-07T12:49:00.197996Z [info     ] Not time to refresh bundle dags-folder [airflow.dag_processing.manager.DagFileProcessorManager] loc=manager.py:550
2025-12-07T12:49:05.248065Z [info     ] Not time to refresh bundle dags-folder [airflow.dag_processing.manager.DagFileProcessorManager] loc=manager.py:550
2025-12-07T12:49:10.293533Z [info     ] Not time to refresh bundle dags-folder [airflow.dag_processing.manager.DagFileProcessorManager] loc=manager.py:550
2025-12-07T12:49:15.336605Z [info     ] Not time to refresh bundle dags-folder [airflow.dag_processing.manager.DagFileProcessorManager] loc=manager.py:550
2025-12-07T12:49:20.379513Z [info     ] Not time to refresh bundle dags-folder [airflow.dag_processing.manager.DagFileProcessorManager] loc=manager.py:550
2025-12-07T12:49:21.378884Z [info     ] 
================================================================================
DAG File Processing Stats

Bundle       File Path         PID    Current Duration      # DAGs    # Errors  Last Duration    Last Run At
-----------  ----------------  -----  ------------------  --------  ----------  ---------------  -------------------
dags-folder  two_task_dag.py                                     1           0  0.09s            2025-12-07T12:48:51
dags-folder  one_task_dags.py                                    1           0  0.05s            2025-12-07T12:48:51
================================================================================ [airflow.dag_processing.manager.DagFileProcessorManager] loc=manager.py:775
2025-12-07T12:49:21.459945Z [info     ] Sync 1 DAGs                    [airflow.serialization.serialized_objects] loc=serialized_objects.py:2893
2025-12-07T12:49:21.463701Z [info     ] Setting next_dagrun for two_task_dag to None, run_after=None [airflow.models.dag] loc=dag.py:688
2025-12-07T12:49:21.483592Z [info     ] Sync 1 DAGs                    [airflow.serialization.serialized_objects] loc=serialized_objects.py:2893
2025-12-07T12:49:21.485145Z [info     ] Setting next_dagrun for one_task_dag to None, run_after=None [airflow.models.dag] loc=dag.py:688
2025-12-07T12:49:25.506055Z [info     ] Not time to refresh bundle dags-folder [airflow.dag_processing.manager.DagFileProcessorManager] loc=manager.py:550
2025-12-07T12:49:30.566118Z [info     ] Not time to refresh bundle dags-folder [airflow.dag_processing.manager.DagFileProcessorManager] loc=manager.py:550
2025-12-07T12:49:35.615564Z [info     ] Not time to refresh bundle dags-folder [airflow.dag_processing.manager.DagFileProcessorManager] loc=manager.py:550
2025-12-07T12:49:40.665362Z [info     ] Not time to refresh bundle dags-folder [airflow.dag_processing.manager.DagFileProcessorManager] loc=manager.py:550
2025-12-07T12:49:45.717717Z [info     ] Not time to refresh bundle dags-folder [airflow.dag_processing.manager.DagFileProcessorManager] loc=manager.py:550
2025-12-07T12:49:50.765053Z [info     ] Not time to refresh bundle dags-folder [airflow.dag_processing.manager.DagFileProcessorManager] loc=manager.py:550
2025-12-07T12:49:51.765003Z [info     ] 
================================================================================
DAG File Processing Stats

Bundle       File Path         PID    Current Duration      # DAGs    # Errors  Last Duration    Last Run At
-----------  ----------------  -----  ------------------  --------  ----------  ---------------  -------------------
dags-folder  one_task_dags.py                                    1           0  0.09s            2025-12-07T12:49:21
dags-folder  two_task_dag.py                                     1           0  0.07s            2025-12-07T12:49:21
================================================================================ [airflow.dag_processing.manager.DagFileProcessorManager] loc=manager.py:775
2025-12-07T12:49:51.844093Z [info     ] Sync 1 DAGs                    [airflow.serialization.serialized_objects] loc=serialized_objects.py:2893
2025-12-07T12:49:51.853192Z [info     ] Setting next_dagrun for one_task_dag to None, run_after=None [airflow.models.dag] loc=dag.py:688
2025-12-07T12:49:51.883072Z [info     ] Sync 1 DAGs                    [airflow.serialization.serialized_objects] loc=serialized_objects.py:2893
2025-12-07T12:49:51.886082Z [info     ] Setting next_dagrun for two_task_dag to None, run_after=None [airflow.models.dag] loc=dag.py:688
2025-12-07T12:49:55.924903Z [info     ] Not time to refresh bundle dags-folder [airflow.dag_processing.manager.DagFileProcessorManager] loc=manager.py:550
2025-12-07T12:50:00.966511Z [info     ] Not time to refresh bundle dags-folder [airflow.dag_processing.manager.DagFileProcessorManager] loc=manager.py:550
2025-12-07T12:50:06.013975Z [info     ] Not time to refresh bundle dags-folder [airflow.dag_processing.manager.DagFileProcessorManager] loc=manager.py:550
2025-12-07T12:50:11.063892Z [info     ] Not time to refresh bundle dags-folder [airflow.dag_processing.manager.DagFileProcessorManager] loc=manager.py:550
2025-12-07T12:50:16.106867Z [info     ] Not time to refresh bundle dags-folder [airflow.dag_processing.manager.DagFileProcessorManager] loc=manager.py:550
2025-12-07T12:50:21.172870Z [info     ] Not time to refresh bundle dags-folder [airflow.dag_processing.manager.DagFileProcessorManager] loc=manager.py:550
2025-12-07T12:50:22.169201Z [info     ] 
================================================================================
DAG File Processing Stats

Bundle       File Path         PID    Current Duration      # DAGs    # Errors  Last Duration    Last Run At
-----------  ----------------  -----  ------------------  --------  ----------  ---------------  -------------------
dags-folder  two_task_dag.py                                     1           0  0.11s            2025-12-07T12:49:51
dags-folder  one_task_dags.py                                    1           0  0.07s            2025-12-07T12:49:51
================================================================================ [airflow.dag_processing.manager.DagFileProcessorManager] loc=manager.py:775
2025-12-07T12:50:22.238001Z [info     ] Sync 1 DAGs                    [airflow.serialization.serialized_objects] loc=serialized_objects.py:2893
2025-12-07T12:50:22.249551Z [info     ] Setting next_dagrun for one_task_dag to None, run_after=None [airflow.models.dag] loc=dag.py:688
2025-12-07T12:50:22.277734Z [info     ] Sync 1 DAGs                    [airflow.serialization.serialized_objects] loc=serialized_objects.py:2893
2025-12-07T12:50:22.280653Z [info     ] Setting next_dagrun for two_task_dag to None, run_after=None [airflow.models.dag] loc=dag.py:688
2025-12-07T12:50:26.357996Z [info     ] Not time to refresh bundle dags-folder [airflow.dag_processing.manager.DagFileProcessorManager] loc=manager.py:550
2025-12-07T12:50:31.402529Z [info     ] Not time to refresh bundle dags-folder [airflow.dag_processing.manager.DagFileProcessorManager] loc=manager.py:550
2025-12-07T12:50:36.442824Z [info     ] Not time to refresh bundle dags-folder [airflow.dag_processing.manager.DagFileProcessorManager] loc=manager.py:550
2025-12-07T12:50:41.482516Z [info     ] Not time to refresh bundle dags-folder [airflow.dag_processing.manager.DagFileProcessorManager] loc=manager.py:550
2025-12-07T12:50:46.524480Z [info     ] Not time to refresh bundle dags-folder [airflow.dag_processing.manager.DagFileProcessorManager] loc=manager.py:550
2025-12-07T12:50:51.569843Z [info     ] Not time to refresh bundle dags-folder [airflow.dag_processing.manager.DagFileProcessorManager] loc=manager.py:550
2025-12-07T12:50:52.567610Z [info     ] 
================================================================================
DAG File Processing Stats

Bundle       File Path         PID    Current Duration      # DAGs    # Errors  Last Duration    Last Run At
-----------  ----------------  -----  ------------------  --------  ----------  ---------------  -------------------
dags-folder  two_task_dag.py                                     1           0  0.10s            2025-12-07T12:50:22
dags-folder  one_task_dags.py                                    1           0  0.06s            2025-12-07T12:50:22
================================================================================ [airflow.dag_processing.manager.DagFileProcessorManager] loc=manager.py:775
2025-12-07T12:50:52.634768Z [info     ] Sync 1 DAGs                    [airflow.serialization.serialized_objects] loc=serialized_objects.py:2893
2025-12-07T12:50:52.638843Z [info     ] Setting next_dagrun for two_task_dag to None, run_after=None [airflow.models.dag] loc=dag.py:688
2025-12-07T12:50:52.658621Z [info     ] Sync 1 DAGs                    [airflow.serialization.serialized_objects] loc=serialized_objects.py:2893
2025-12-07T12:50:52.660363Z [info     ] Setting next_dagrun for one_task_dag to None, run_after=None [airflow.models.dag] loc=dag.py:688
2025-12-07T12:50:56.679808Z [info     ] Not time to refresh bundle dags-folder [airflow.dag_processing.manager.DagFileProcessorManager] loc=manager.py:550
2025-12-07T12:51:01.728707Z [info     ] Not time to refresh bundle dags-folder [airflow.dag_processing.manager.DagFileProcessorManager] loc=manager.py:550
2025-12-07T12:51:06.785394Z [info     ] Not time to refresh bundle dags-folder [airflow.dag_processing.manager.DagFileProcessorManager] loc=manager.py:550
2025-12-07T12:51:11.828558Z [info     ] Not time to refresh bundle dags-folder [airflow.dag_processing.manager.DagFileProcessorManager] loc=manager.py:550
2025-12-07T12:51:16.881085Z [info     ] Not time to refresh bundle dags-folder [airflow.dag_processing.manager.DagFileProcessorManager] loc=manager.py:550
2025-12-07T12:51:21.927466Z [info     ] Not time to refresh bundle dags-folder [airflow.dag_processing.manager.DagFileProcessorManager] loc=manager.py:550
2025-12-07T12:51:22.927291Z [info     ] 
================================================================================
DAG File Processing Stats

Bundle       File Path         PID    Current Duration      # DAGs    # Errors  Last Duration    Last Run At
-----------  ----------------  -----  ------------------  --------  ----------  ---------------  -------------------
dags-folder  one_task_dags.py                                    1           0  0.08s            2025-12-07T12:50:52
dags-folder  two_task_dag.py                                     1           0  0.06s            2025-12-07T12:50:52
================================================================================ [airflow.dag_processing.manager.DagFileProcessorManager] loc=manager.py:775
2025-12-07T12:51:22.993028Z [info     ] Sync 1 DAGs                    [airflow.serialization.serialized_objects] loc=serialized_objects.py:2893
2025-12-07T12:51:22.997866Z [info     ] Setting next_dagrun for one_task_dag to None, run_after=None [airflow.models.dag] loc=dag.py:688
2025-12-07T12:51:23.026587Z [info     ] Sync 1 DAGs                    [airflow.serialization.serialized_objects] loc=serialized_objects.py:2893
2025-12-07T12:51:23.029568Z [info     ] Setting next_dagrun for two_task_dag to None, run_after=None [airflow.models.dag] loc=dag.py:688
2025-12-07T12:51:27.071966Z [info     ] Not time to refresh bundle dags-folder [airflow.dag_processing.manager.DagFileProcessorManager] loc=manager.py:550
2025-12-07T12:51:32.112926Z [info     ] Not time to refresh bundle dags-folder [airflow.dag_processing.manager.DagFileProcessorManager] loc=manager.py:550
2025-12-07T12:51:37.154249Z [info     ] Not time to refresh bundle dags-folder [airflow.dag_processing.manager.DagFileProcessorManager] loc=manager.py:550
2025-12-07T12:51:42.194352Z [info     ] Not time to refresh bundle dags-folder [airflow.dag_processing.manager.DagFileProcessorManager] loc=manager.py:550
2025-12-07T12:51:47.237855Z [info     ] Not time to refresh bundle dags-folder [airflow.dag_processing.manager.DagFileProcessorManager] loc=manager.py:550
2025-12-07T12:51:52.281496Z [info     ] Not time to refresh bundle dags-folder [airflow.dag_processing.manager.DagFileProcessorManager] loc=manager.py:550
2025-12-07T12:51:53.281558Z [info     ] 
================================================================================
DAG File Processing Stats

Bundle       File Path         PID    Current Duration      # DAGs    # Errors  Last Duration    Last Run At
-----------  ----------------  -----  ------------------  --------  ----------  ---------------  -------------------
dags-folder  two_task_dag.py                                     1           0  0.09s            2025-12-07T12:51:23
dags-folder  one_task_dags.py                                    1           0  0.05s            2025-12-07T12:51:22
================================================================================ [airflow.dag_processing.manager.DagFileProcessorManager] loc=manager.py:775
2025-12-07T12:51:53.345458Z [info     ] Sync 1 DAGs                    [airflow.serialization.serialized_objects] loc=serialized_objects.py:2893
2025-12-07T12:51:53.350547Z [info     ] Setting next_dagrun for one_task_dag to None, run_after=None [airflow.models.dag] loc=dag.py:688
2025-12-07T12:51:53.376941Z [info     ] Sync 1 DAGs                    [airflow.serialization.serialized_objects] loc=serialized_objects.py:2893
2025-12-07T12:51:53.379798Z [info     ] Setting next_dagrun for two_task_dag to None, run_after=None [airflow.models.dag] loc=dag.py:688
2025-12-07T12:51:57.422948Z [info     ] Not time to refresh bundle dags-folder [airflow.dag_processing.manager.DagFileProcessorManager] loc=manager.py:550
2025-12-07T12:52:02.463224Z [info     ] Not time to refresh bundle dags-folder [airflow.dag_processing.manager.DagFileProcessorManager] loc=manager.py:550
2025-12-07T12:52:07.506442Z [info     ] Not time to refresh bundle dags-folder [airflow.dag_processing.manager.DagFileProcessorManager] loc=manager.py:550
2025-12-07T12:52:12.557668Z [info     ] Not time to refresh bundle dags-folder [airflow.dag_processing.manager.DagFileProcessorManager] loc=manager.py:550
2025-12-07T12:52:17.600546Z [info     ] Not time to refresh bundle dags-folder [airflow.dag_processing.manager.DagFileProcessorManager] loc=manager.py:550
2025-12-07T12:52:22.644801Z [info     ] Not time to refresh bundle dags-folder [airflow.dag_processing.manager.DagFileProcessorManager] loc=manager.py:550
2025-12-07T12:52:23.646176Z [info     ] 
================================================================================
DAG File Processing Stats

Bundle       File Path         PID    Current Duration      # DAGs    # Errors  Last Duration    Last Run At
-----------  ----------------  -----  ------------------  --------  ----------  ---------------  -------------------
dags-folder  two_task_dag.py                                     1           0  0.09s            2025-12-07T12:51:53
dags-folder  one_task_dags.py                                    1           0  0.05s            2025-12-07T12:51:53
================================================================================ [airflow.dag_processing.manager.DagFileProcessorManager] loc=manager.py:775
2025-12-07T12:52:23.713451Z [info     ] Sync 1 DAGs                    [airflow.serialization.serialized_objects] loc=serialized_objects.py:2893
2025-12-07T12:52:23.718319Z [info     ] Setting next_dagrun for one_task_dag to None, run_after=None [airflow.models.dag] loc=dag.py:688
2025-12-07T12:52:23.746294Z [info     ] Sync 1 DAGs                    [airflow.serialization.serialized_objects] loc=serialized_objects.py:2893
2025-12-07T12:52:23.749315Z [info     ] Setting next_dagrun for two_task_dag to None, run_after=None [airflow.models.dag] loc=dag.py:688
2025-12-07T12:52:27.786571Z [info     ] Not time to refresh bundle dags-folder [airflow.dag_processing.manager.DagFileProcessorManager] loc=manager.py:550
2025-12-07T12:52:32.831826Z [info     ] Not time to refresh bundle dags-folder [airflow.dag_processing.manager.DagFileProcessorManager] loc=manager.py:550
2025-12-07T12:52:37.872908Z [info     ] Not time to refresh bundle dags-folder [airflow.dag_processing.manager.DagFileProcessorManager] loc=manager.py:550
2025-12-07T12:52:42.915445Z [info     ] Not time to refresh bundle dags-folder [airflow.dag_processing.manager.DagFileProcessorManager] loc=manager.py:550
2025-12-07T12:52:47.958288Z [info     ] Not time to refresh bundle dags-folder [airflow.dag_processing.manager.DagFileProcessorManager] loc=manager.py:550
2025-12-07T12:52:53.004910Z [info     ] Refreshing bundle dags-folder  [airflow.dag_processing.manager.DagFileProcessorManager] loc=manager.py:553
2025-12-07T12:52:53.008559Z [info     ] Searching for files in dags-folder at /workspaces/hands-on-introduction-data-engineering-4395021/airflow/dags [airflow.dag_processing.manager.DagFileProcessorManager] loc=manager.py:604
2025-12-07T12:52:53.009716Z [info     ] Found 2 files for bundle dags-folder [airflow.dag_processing.manager.DagFileProcessorManager] loc=manager.py:606
2025-12-07T12:52:54.004981Z [info     ] 
================================================================================
DAG File Processing Stats

Bundle       File Path         PID    Current Duration      # DAGs    # Errors  Last Duration    Last Run At
-----------  ----------------  -----  ------------------  --------  ----------  ---------------  -------------------
dags-folder  two_task_dag.py                                     1           0  0.09s            2025-12-07T12:52:23
dags-folder  one_task_dags.py                                    1           0  0.05s            2025-12-07T12:52:23
================================================================================ [airflow.dag_processing.manager.DagFileProcessorManager] loc=manager.py:775
2025-12-07T12:52:54.075074Z [info     ] Sync 1 DAGs                    [airflow.serialization.serialized_objects] loc=serialized_objects.py:2893
2025-12-07T12:52:54.079290Z [info     ] Setting next_dagrun for one_task_dag to None, run_after=None [airflow.models.dag] loc=dag.py:688
2025-12-07T12:52:54.105986Z [info     ] Sync 1 DAGs                    [airflow.serialization.serialized_objects] loc=serialized_objects.py:2893
2025-12-07T12:52:54.108939Z [info     ] Setting next_dagrun for two_task_dag to None, run_after=None [airflow.models.dag] loc=dag.py:688
2025-12-07T12:52:58.146864Z [info     ] Not time to refresh bundle dags-folder [airflow.dag_processing.manager.DagFileProcessorManager] loc=manager.py:550
2025-12-07T12:53:03.189639Z [info     ] Not time to refresh bundle dags-folder [airflow.dag_processing.manager.DagFileProcessorManager] loc=manager.py:550
2025-12-07T12:53:08.233226Z [info     ] Not time to refresh bundle dags-folder [airflow.dag_processing.manager.DagFileProcessorManager] loc=manager.py:550
2025-12-07T12:53:13.283042Z [info     ] Not time to refresh bundle dags-folder [airflow.dag_processing.manager.DagFileProcessorManager] loc=manager.py:550
2025-12-07T12:53:18.329557Z [info     ] Not time to refresh bundle dags-folder [airflow.dag_processing.manager.DagFileProcessorManager] loc=manager.py:550
2025-12-07T12:53:23.371359Z [info     ] Not time to refresh bundle dags-folder [airflow.dag_processing.manager.DagFileProcessorManager] loc=manager.py:550
2025-12-07T12:53:24.371598Z [info     ] 
================================================================================
DAG File Processing Stats

Bundle       File Path         PID    Current Duration      # DAGs    # Errors  Last Duration    Last Run At
-----------  ----------------  -----  ------------------  --------  ----------  ---------------  -------------------
dags-folder  two_task_dag.py                                     1           0  0.09s            2025-12-07T12:52:54
dags-folder  one_task_dags.py                                    1           0  0.06s            2025-12-07T12:52:54
================================================================================ [airflow.dag_processing.manager.DagFileProcessorManager] loc=manager.py:775
2025-12-07T12:53:24.483676Z [info     ] Sync 1 DAGs                    [airflow.serialization.serialized_objects] loc=serialized_objects.py:2893
2025-12-07T12:53:24.489239Z [info     ] Setting next_dagrun for two_task_dag to None, run_after=None [airflow.models.dag] loc=dag.py:688
2025-12-07T12:53:24.517167Z [info     ] Sync 1 DAGs                    [airflow.serialization.serialized_objects] loc=serialized_objects.py:2893
2025-12-07T12:53:24.520615Z [info     ] Setting next_dagrun for one_task_dag to None, run_after=None [airflow.models.dag] loc=dag.py:688
2025-12-07T12:53:28.524464Z [info     ] Not time to refresh bundle dags-folder [airflow.dag_processing.manager.DagFileProcessorManager] loc=manager.py:550
2025-12-07T12:53:33.566380Z [info     ] Not time to refresh bundle dags-folder [airflow.dag_processing.manager.DagFileProcessorManager] loc=manager.py:550
2025-12-07T12:53:38.608940Z [info     ] Not time to refresh bundle dags-folder [airflow.dag_processing.manager.DagFileProcessorManager] loc=manager.py:550
2025-12-07T12:53:43.660618Z [info     ] Not time to refresh bundle dags-folder [airflow.dag_processing.manager.DagFileProcessorManager] loc=manager.py:550
2025-12-07T12:53:48.706432Z [info     ] Not time to refresh bundle dags-folder [airflow.dag_processing.manager.DagFileProcessorManager] loc=manager.py:550
2025-12-07T12:53:53.747429Z [info     ] Not time to refresh bundle dags-folder [airflow.dag_processing.manager.DagFileProcessorManager] loc=manager.py:550
2025-12-07T12:53:54.746498Z [info     ] 
================================================================================
DAG File Processing Stats

Bundle       File Path         PID    Current Duration      # DAGs    # Errors  Last Duration    Last Run At
-----------  ----------------  -----  ------------------  --------  ----------  ---------------  -------------------
dags-folder  one_task_dags.py                                    1           0  0.13s            2025-12-07T12:53:24
dags-folder  two_task_dag.py                                     1           0  0.11s            2025-12-07T12:53:24
================================================================================ [airflow.dag_processing.manager.DagFileProcessorManager] loc=manager.py:775
2025-12-07T12:53:54.817522Z [info     ] Sync 1 DAGs                    [airflow.serialization.serialized_objects] loc=serialized_objects.py:2893
2025-12-07T12:53:54.821170Z [info     ] Setting next_dagrun for two_task_dag to None, run_after=None [airflow.models.dag] loc=dag.py:688
2025-12-07T12:53:54.841324Z [info     ] Sync 1 DAGs                    [airflow.serialization.serialized_objects] loc=serialized_objects.py:2893
2025-12-07T12:53:54.843021Z [info     ] Setting next_dagrun for one_task_dag to None, run_after=None [airflow.models.dag] loc=dag.py:688
2025-12-07T12:53:58.863687Z [info     ] Not time to refresh bundle dags-folder [airflow.dag_processing.manager.DagFileProcessorManager] loc=manager.py:550
2025-12-07T12:54:03.915906Z [info     ] Not time to refresh bundle dags-folder [airflow.dag_processing.manager.DagFileProcessorManager] loc=manager.py:550
2025-12-07T12:54:08.967903Z [info     ] Not time to refresh bundle dags-folder [airflow.dag_processing.manager.DagFileProcessorManager] loc=manager.py:550
2025-12-07T12:54:14.016136Z [info     ] Not time to refresh bundle dags-folder [airflow.dag_processing.manager.DagFileProcessorManager] loc=manager.py:550
2025-12-07T12:54:19.062177Z [info     ] Not time to refresh bundle dags-folder [airflow.dag_processing.manager.DagFileProcessorManager] loc=manager.py:550
2025-12-07T12:54:24.111049Z [info     ] Not time to refresh bundle dags-folder [airflow.dag_processing.manager.DagFileProcessorManager] loc=manager.py:550
2025-12-07T12:54:25.109576Z [info     ] 
================================================================================
DAG File Processing Stats

Bundle       File Path         PID    Current Duration      # DAGs    # Errors  Last Duration    Last Run At
-----------  ----------------  -----  ------------------  --------  ----------  ---------------  -------------------
dags-folder  one_task_dags.py                                    1           0  0.08s            2025-12-07T12:53:54
dags-folder  two_task_dag.py                                     1           0  0.06s            2025-12-07T12:53:54
================================================================================ [airflow.dag_processing.manager.DagFileProcessorManager] loc=manager.py:775
2025-12-07T12:54:25.183770Z [info     ] Sync 1 DAGs                    [airflow.serialization.serialized_objects] loc=serialized_objects.py:2893
2025-12-07T12:54:25.187458Z [info     ] Setting next_dagrun for two_task_dag to None, run_after=None [airflow.models.dag] loc=dag.py:688
2025-12-07T12:54:25.213298Z [info     ] Sync 1 DAGs                    [airflow.serialization.serialized_objects] loc=serialized_objects.py:2893
2025-12-07T12:54:25.215732Z [info     ] Setting next_dagrun for one_task_dag to None, run_after=None [airflow.models.dag] loc=dag.py:688
2025-12-07T12:54:29.223602Z [info     ] Not time to refresh bundle dags-folder [airflow.dag_processing.manager.DagFileProcessorManager] loc=manager.py:550
2025-12-07T12:54:34.265480Z [info     ] Not time to refresh bundle dags-folder [airflow.dag_processing.manager.DagFileProcessorManager] loc=manager.py:550
2025-12-07T12:54:39.306184Z [info     ] Not time to refresh bundle dags-folder [airflow.dag_processing.manager.DagFileProcessorManager] loc=manager.py:550
2025-12-07T12:54:44.347909Z [info     ] Not time to refresh bundle dags-folder [airflow.dag_processing.manager.DagFileProcessorManager] loc=manager.py:550
2025-12-07T12:54:49.389710Z [info     ] Not time to refresh bundle dags-folder [airflow.dag_processing.manager.DagFileProcessorManager] loc=manager.py:550
2025-12-07T12:54:54.435328Z [info     ] Not time to refresh bundle dags-folder [airflow.dag_processing.manager.DagFileProcessorManager] loc=manager.py:550
2025-12-07T12:54:55.436838Z [info     ] 
================================================================================
DAG File Processing Stats

Bundle       File Path         PID    Current Duration      # DAGs    # Errors  Last Duration    Last Run At
-----------  ----------------  -----  ------------------  --------  ----------  ---------------  -------------------
dags-folder  one_task_dags.py                                    1           0  0.09s            2025-12-07T12:54:25
dags-folder  two_task_dag.py                                     1           0  0.07s            2025-12-07T12:54:25
================================================================================ [airflow.dag_processing.manager.DagFileProcessorManager] loc=manager.py:775
2025-12-07T12:54:55.542690Z [info     ] Sync 1 DAGs                    [airflow.serialization.serialized_objects] loc=serialized_objects.py:2893
2025-12-07T12:54:55.548011Z [info     ] Setting next_dagrun for two_task_dag to None, run_after=None [airflow.models.dag] loc=dag.py:688
2025-12-07T12:54:55.574136Z [info     ] Sync 1 DAGs                    [airflow.serialization.serialized_objects] loc=serialized_objects.py:2893
2025-12-07T12:54:55.576925Z [info     ] Setting next_dagrun for one_task_dag to None, run_after=None [airflow.models.dag] loc=dag.py:688
2025-12-07T12:54:59.623585Z [info     ] Not time to refresh bundle dags-folder [airflow.dag_processing.manager.DagFileProcessorManager] loc=manager.py:550
2025-12-07T12:55:04.662147Z [info     ] Not time to refresh bundle dags-folder [airflow.dag_processing.manager.DagFileProcessorManager] loc=manager.py:550
2025-12-07T12:55:09.704942Z [info     ] Not time to refresh bundle dags-folder [airflow.dag_processing.manager.DagFileProcessorManager] loc=manager.py:550
2025-12-07T12:55:14.748850Z [info     ] Not time to refresh bundle dags-folder [airflow.dag_processing.manager.DagFileProcessorManager] loc=manager.py:550
2025-12-07T12:55:19.794058Z [info     ] Not time to refresh bundle dags-folder [airflow.dag_processing.manager.DagFileProcessorManager] loc=manager.py:550
2025-12-07T12:55:24.852869Z [info     ] Not time to refresh bundle dags-folder [airflow.dag_processing.manager.DagFileProcessorManager] loc=manager.py:550
2025-12-07T12:55:25.840634Z [info     ] 
================================================================================
DAG File Processing Stats

Bundle       File Path         PID    Current Duration      # DAGs    # Errors  Last Duration    Last Run At
-----------  ----------------  -----  ------------------  --------  ----------  ---------------  -------------------
dags-folder  one_task_dags.py                                    1           0  0.11s            2025-12-07T12:54:55
dags-folder  two_task_dag.py                                     1           0  0.10s            2025-12-07T12:54:55
================================================================================ [airflow.dag_processing.manager.DagFileProcessorManager] loc=manager.py:775
2025-12-07T12:55:25.905176Z [info     ] Sync 1 DAGs                    [airflow.serialization.serialized_objects] loc=serialized_objects.py:2893
2025-12-07T12:55:25.909998Z [info     ] Setting next_dagrun for one_task_dag to None, run_after=None [airflow.models.dag] loc=dag.py:688
2025-12-07T12:55:25.942912Z [info     ] Sync 1 DAGs                    [airflow.serialization.serialized_objects] loc=serialized_objects.py:2893
2025-12-07T12:55:25.945917Z [info     ] Setting next_dagrun for two_task_dag to None, run_after=None [airflow.models.dag] loc=dag.py:688
2025-12-07T12:55:29.984833Z [info     ] Not time to refresh bundle dags-folder [airflow.dag_processing.manager.DagFileProcessorManager] loc=manager.py:550
2025-12-07T12:55:35.026201Z [info     ] Not time to refresh bundle dags-folder [airflow.dag_processing.manager.DagFileProcessorManager] loc=manager.py:550
2025-12-07T12:55:40.068162Z [info     ] Not time to refresh bundle dags-folder [airflow.dag_processing.manager.DagFileProcessorManager] loc=manager.py:550
2025-12-07T12:55:45.110428Z [info     ] Not time to refresh bundle dags-folder [airflow.dag_processing.manager.DagFileProcessorManager] loc=manager.py:550
2025-12-07T12:55:50.154433Z [info     ] Not time to refresh bundle dags-folder [airflow.dag_processing.manager.DagFileProcessorManager] loc=manager.py:550
2025-12-07T12:55:55.205287Z [info     ] Not time to refresh bundle dags-folder [airflow.dag_processing.manager.DagFileProcessorManager] loc=manager.py:550
2025-12-07T12:55:56.204796Z [info     ] 
================================================================================
DAG File Processing Stats

Bundle       File Path         PID    Current Duration      # DAGs    # Errors  Last Duration    Last Run At
-----------  ----------------  -----  ------------------  --------  ----------  ---------------  -------------------
dags-folder  two_task_dag.py                                     1           0  0.10s            2025-12-07T12:55:25
dags-folder  one_task_dags.py                                    1           0  0.05s            2025-12-07T12:55:25
================================================================================ [airflow.dag_processing.manager.DagFileProcessorManager] loc=manager.py:775
2025-12-07T12:55:56.269150Z [info     ] Sync 1 DAGs                    [airflow.serialization.serialized_objects] loc=serialized_objects.py:2893
2025-12-07T12:55:56.274218Z [info     ] Setting next_dagrun for one_task_dag to None, run_after=None [airflow.models.dag] loc=dag.py:688
2025-12-07T12:55:56.303241Z [info     ] Sync 1 DAGs                    [airflow.serialization.serialized_objects] loc=serialized_objects.py:2893
2025-12-07T12:55:56.306211Z [info     ] Setting next_dagrun for two_task_dag to None, run_after=None [airflow.models.dag] loc=dag.py:688
2025-12-07T12:56:00.346136Z [info     ] Not time to refresh bundle dags-folder [airflow.dag_processing.manager.DagFileProcessorManager] loc=manager.py:550
2025-12-07T12:56:05.388170Z [info     ] Not time to refresh bundle dags-folder [airflow.dag_processing.manager.DagFileProcessorManager] loc=manager.py:550
2025-12-07T12:56:10.429359Z [info     ] Not time to refresh bundle dags-folder [airflow.dag_processing.manager.DagFileProcessorManager] loc=manager.py:550
2025-12-07T12:56:15.471262Z [info     ] Not time to refresh bundle dags-folder [airflow.dag_processing.manager.DagFileProcessorManager] loc=manager.py:550
2025-12-07T12:56:20.513689Z [info     ] Not time to refresh bundle dags-folder [airflow.dag_processing.manager.DagFileProcessorManager] loc=manager.py:550
2025-12-07T12:56:25.553969Z [info     ] Not time to refresh bundle dags-folder [airflow.dag_processing.manager.DagFileProcessorManager] loc=manager.py:550
2025-12-07T12:56:26.554763Z [info     ] 
================================================================================
DAG File Processing Stats

Bundle       File Path         PID    Current Duration      # DAGs    # Errors  Last Duration    Last Run At
-----------  ----------------  -----  ------------------  --------  ----------  ---------------  -------------------
dags-folder  two_task_dag.py                                     1           0  0.09s            2025-12-07T12:55:56
dags-folder  one_task_dags.py                                    1           0  0.05s            2025-12-07T12:55:56
================================================================================ [airflow.dag_processing.manager.DagFileProcessorManager] loc=manager.py:775
2025-12-07T12:56:26.624877Z [info     ] Sync 1 DAGs                    [airflow.serialization.serialized_objects] loc=serialized_objects.py:2893
2025-12-07T12:56:26.628628Z [info     ] Setting next_dagrun for two_task_dag to None, run_after=None [airflow.models.dag] loc=dag.py:688
2025-12-07T12:56:26.648862Z [info     ] Sync 1 DAGs                    [airflow.serialization.serialized_objects] loc=serialized_objects.py:2893
2025-12-07T12:56:26.650622Z [info     ] Setting next_dagrun for one_task_dag to None, run_after=None [airflow.models.dag] loc=dag.py:688
2025-12-07T12:56:30.669877Z [info     ] Not time to refresh bundle dags-folder [airflow.dag_processing.manager.DagFileProcessorManager] loc=manager.py:550
2025-12-07T12:56:35.726723Z [info     ] Not time to refresh bundle dags-folder [airflow.dag_processing.manager.DagFileProcessorManager] loc=manager.py:550
2025-12-07T12:56:40.763092Z [info     ] Not time to refresh bundle dags-folder [airflow.dag_processing.manager.DagFileProcessorManager] loc=manager.py:550
2025-12-07T12:56:45.809082Z [info     ] Not time to refresh bundle dags-folder [airflow.dag_processing.manager.DagFileProcessorManager] loc=manager.py:550
2025-12-07T12:56:50.852225Z [info     ] Not time to refresh bundle dags-folder [airflow.dag_processing.manager.DagFileProcessorManager] loc=manager.py:550
2025-12-07T12:56:55.897320Z [info     ] Not time to refresh bundle dags-folder [airflow.dag_processing.manager.DagFileProcessorManager] loc=manager.py:550
2025-12-07T12:56:56.897211Z [info     ] 
================================================================================
DAG File Processing Stats

Bundle       File Path         PID    Current Duration      # DAGs    # Errors  Last Duration    Last Run At
-----------  ----------------  -----  ------------------  --------  ----------  ---------------  -------------------
dags-folder  one_task_dags.py                                    1           0  0.08s            2025-12-07T12:56:26
dags-folder  two_task_dag.py                                     1           0  0.06s            2025-12-07T12:56:26
================================================================================ [airflow.dag_processing.manager.DagFileProcessorManager] loc=manager.py:775
2025-12-07T12:56:56.963779Z [info     ] Sync 1 DAGs                    [airflow.serialization.serialized_objects] loc=serialized_objects.py:2893
2025-12-07T12:56:56.969138Z [info     ] Setting next_dagrun for one_task_dag to None, run_after=None [airflow.models.dag] loc=dag.py:688
2025-12-07T12:56:56.998231Z [info     ] Sync 1 DAGs                    [airflow.serialization.serialized_objects] loc=serialized_objects.py:2893
2025-12-07T12:56:57.001294Z [info     ] Setting next_dagrun for two_task_dag to None, run_after=None [airflow.models.dag] loc=dag.py:688
2025-12-07T12:57:01.042466Z [info     ] Not time to refresh bundle dags-folder [airflow.dag_processing.manager.DagFileProcessorManager] loc=manager.py:550
2025-12-07T12:57:06.085875Z [info     ] Not time to refresh bundle dags-folder [airflow.dag_processing.manager.DagFileProcessorManager] loc=manager.py:550
2025-12-07T12:57:11.125887Z [info     ] Not time to refresh bundle dags-folder [airflow.dag_processing.manager.DagFileProcessorManager] loc=manager.py:550
2025-12-07T12:57:16.170109Z [info     ] Not time to refresh bundle dags-folder [airflow.dag_processing.manager.DagFileProcessorManager] loc=manager.py:550
2025-12-07T12:57:21.213443Z [info     ] Not time to refresh bundle dags-folder [airflow.dag_processing.manager.DagFileProcessorManager] loc=manager.py:550
2025-12-07T12:57:26.258187Z [info     ] Not time to refresh bundle dags-folder [airflow.dag_processing.manager.DagFileProcessorManager] loc=manager.py:550
2025-12-07T12:57:27.267273Z [info     ] 
================================================================================
DAG File Processing Stats

Bundle       File Path         PID    Current Duration      # DAGs    # Errors  Last Duration    Last Run At
-----------  ----------------  -----  ------------------  --------  ----------  ---------------  -------------------
dags-folder  two_task_dag.py                                     1           0  0.09s            2025-12-07T12:56:56
dags-folder  one_task_dags.py                                    1           0  0.05s            2025-12-07T12:56:56
================================================================================ [airflow.dag_processing.manager.DagFileProcessorManager] loc=manager.py:775
2025-12-07T12:57:27.342819Z [info     ] Sync 1 DAGs                    [airflow.serialization.serialized_objects] loc=serialized_objects.py:2893
2025-12-07T12:57:27.348041Z [info     ] Setting next_dagrun for two_task_dag to None, run_after=None [airflow.models.dag] loc=dag.py:688
2025-12-07T12:57:27.374090Z [info     ] Sync 1 DAGs                    [airflow.serialization.serialized_objects] loc=serialized_objects.py:2893
2025-12-07T12:57:27.376861Z [info     ] Setting next_dagrun for one_task_dag to None, run_after=None [airflow.models.dag] loc=dag.py:688
2025-12-07T12:57:31.414972Z [info     ] Not time to refresh bundle dags-folder [airflow.dag_processing.manager.DagFileProcessorManager] loc=manager.py:550
2025-12-07T12:57:36.456922Z [info     ] Not time to refresh bundle dags-folder [airflow.dag_processing.manager.DagFileProcessorManager] loc=manager.py:550
2025-12-07T12:57:41.501898Z [info     ] Not time to refresh bundle dags-folder [airflow.dag_processing.manager.DagFileProcessorManager] loc=manager.py:550
2025-12-07T12:57:46.554255Z [info     ] Not time to refresh bundle dags-folder [airflow.dag_processing.manager.DagFileProcessorManager] loc=manager.py:550
2025-12-07T12:57:51.609583Z [info     ] Not time to refresh bundle dags-folder [airflow.dag_processing.manager.DagFileProcessorManager] loc=manager.py:550
2025-12-07T12:57:56.656393Z [info     ] Refreshing bundle dags-folder  [airflow.dag_processing.manager.DagFileProcessorManager] loc=manager.py:553
2025-12-07T12:57:56.660459Z [info     ] Searching for files in dags-folder at /workspaces/hands-on-introduction-data-engineering-4395021/airflow/dags [airflow.dag_processing.manager.DagFileProcessorManager] loc=manager.py:604
2025-12-07T12:57:56.661625Z [info     ] Found 2 files for bundle dags-folder [airflow.dag_processing.manager.DagFileProcessorManager] loc=manager.py:606
2025-12-07T12:57:57.656981Z [info     ] 
================================================================================
DAG File Processing Stats

Bundle       File Path         PID    Current Duration      # DAGs    # Errors  Last Duration    Last Run At
-----------  ----------------  -----  ------------------  --------  ----------  ---------------  -------------------
dags-folder  one_task_dags.py                                    1           0  0.09s            2025-12-07T12:57:27
dags-folder  two_task_dag.py                                     1           0  0.07s            2025-12-07T12:57:27
================================================================================ [airflow.dag_processing.manager.DagFileProcessorManager] loc=manager.py:775
2025-12-07T12:57:57.724077Z [info     ] Sync 1 DAGs                    [airflow.serialization.serialized_objects] loc=serialized_objects.py:2893
2025-12-07T12:57:57.728902Z [info     ] Setting next_dagrun for one_task_dag to None, run_after=None [airflow.models.dag] loc=dag.py:688
2025-12-07T12:57:57.756591Z [info     ] Sync 1 DAGs                    [airflow.serialization.serialized_objects] loc=serialized_objects.py:2893
2025-12-07T12:57:57.759434Z [info     ] Setting next_dagrun for two_task_dag to None, run_after=None [airflow.models.dag] loc=dag.py:688
2025-12-07T12:58:01.801593Z [info     ] Not time to refresh bundle dags-folder [airflow.dag_processing.manager.DagFileProcessorManager] loc=manager.py:550
2025-12-07T12:58:06.842492Z [info     ] Not time to refresh bundle dags-folder [airflow.dag_processing.manager.DagFileProcessorManager] loc=manager.py:550
2025-12-07T12:58:11.884119Z [info     ] Not time to refresh bundle dags-folder [airflow.dag_processing.manager.DagFileProcessorManager] loc=manager.py:550
2025-12-07T12:58:16.927261Z [info     ] Not time to refresh bundle dags-folder [airflow.dag_processing.manager.DagFileProcessorManager] loc=manager.py:550
2025-12-07T12:58:21.969264Z [info     ] Not time to refresh bundle dags-folder [airflow.dag_processing.manager.DagFileProcessorManager] loc=manager.py:550
2025-12-07T12:58:27.012489Z [info     ] Not time to refresh bundle dags-folder [airflow.dag_processing.manager.DagFileProcessorManager] loc=manager.py:550
2025-12-07T12:58:28.010314Z [info     ] 
================================================================================
DAG File Processing Stats

Bundle       File Path         PID    Current Duration      # DAGs    # Errors  Last Duration    Last Run At
-----------  ----------------  -----  ------------------  --------  ----------  ---------------  -------------------
dags-folder  two_task_dag.py                                     1           0  0.09s            2025-12-07T12:57:57
dags-folder  one_task_dags.py                                    1           0  0.05s            2025-12-07T12:57:57
================================================================================ [airflow.dag_processing.manager.DagFileProcessorManager] loc=manager.py:775
2025-12-07T12:58:28.077480Z [info     ] Sync 1 DAGs                    [airflow.serialization.serialized_objects] loc=serialized_objects.py:2893
2025-12-07T12:58:28.081197Z [info     ] Setting next_dagrun for two_task_dag to None, run_after=None [airflow.models.dag] loc=dag.py:688
2025-12-07T12:58:28.101050Z [info     ] Sync 1 DAGs                    [airflow.serialization.serialized_objects] loc=serialized_objects.py:2893
2025-12-07T12:58:28.102678Z [info     ] Setting next_dagrun for one_task_dag to None, run_after=None [airflow.models.dag] loc=dag.py:688
2025-12-07T12:58:32.124831Z [info     ] Not time to refresh bundle dags-folder [airflow.dag_processing.manager.DagFileProcessorManager] loc=manager.py:550
2025-12-07T12:58:37.168919Z [info     ] Not time to refresh bundle dags-folder [airflow.dag_processing.manager.DagFileProcessorManager] loc=manager.py:550
2025-12-07T12:58:42.217634Z [info     ] Not time to refresh bundle dags-folder [airflow.dag_processing.manager.DagFileProcessorManager] loc=manager.py:550
2025-12-07T12:58:47.265470Z [info     ] Not time to refresh bundle dags-folder [airflow.dag_processing.manager.DagFileProcessorManager] loc=manager.py:550
2025-12-07T12:58:52.318157Z [info     ] Not time to refresh bundle dags-folder [airflow.dag_processing.manager.DagFileProcessorManager] loc=manager.py:550
2025-12-07T12:58:57.368264Z [info     ] Not time to refresh bundle dags-folder [airflow.dag_processing.manager.DagFileProcessorManager] loc=manager.py:550
2025-12-07T12:58:58.368442Z [info     ] 
================================================================================
DAG File Processing Stats

Bundle       File Path         PID    Current Duration      # DAGs    # Errors  Last Duration    Last Run At
-----------  ----------------  -----  ------------------  --------  ----------  ---------------  -------------------
dags-folder  one_task_dags.py                                    1           0  0.08s            2025-12-07T12:58:28
dags-folder  two_task_dag.py                                     1           0  0.06s            2025-12-07T12:58:28
================================================================================ [airflow.dag_processing.manager.DagFileProcessorManager] loc=manager.py:775
2025-12-07T12:58:58.433486Z [info     ] Sync 1 DAGs                    [airflow.serialization.serialized_objects] loc=serialized_objects.py:2893
2025-12-07T12:58:58.438451Z [info     ] Setting next_dagrun for one_task_dag to None, run_after=None [airflow.models.dag] loc=dag.py:688
2025-12-07T12:58:58.465629Z [info     ] Sync 1 DAGs                    [airflow.serialization.serialized_objects] loc=serialized_objects.py:2893
2025-12-07T12:58:58.468573Z [info     ] Setting next_dagrun for two_task_dag to None, run_after=None [airflow.models.dag] loc=dag.py:688
2025-12-07T12:59:02.506913Z [info     ] Not time to refresh bundle dags-folder [airflow.dag_processing.manager.DagFileProcessorManager] loc=manager.py:550
2025-12-07T12:59:07.549688Z [info     ] Not time to refresh bundle dags-folder [airflow.dag_processing.manager.DagFileProcessorManager] loc=manager.py:550
2025-12-07T12:59:12.593282Z [info     ] Not time to refresh bundle dags-folder [airflow.dag_processing.manager.DagFileProcessorManager] loc=manager.py:550
2025-12-07T12:59:17.637100Z [info     ] Not time to refresh bundle dags-folder [airflow.dag_processing.manager.DagFileProcessorManager] loc=manager.py:550
2025-12-07T12:59:22.678035Z [info     ] Not time to refresh bundle dags-folder [airflow.dag_processing.manager.DagFileProcessorManager] loc=manager.py:550
2025-12-07T12:59:27.727501Z [info     ] Not time to refresh bundle dags-folder [airflow.dag_processing.manager.DagFileProcessorManager] loc=manager.py:550
2025-12-07T12:59:28.725721Z [info     ] 
================================================================================
DAG File Processing Stats

Bundle       File Path         PID    Current Duration      # DAGs    # Errors  Last Duration    Last Run At
-----------  ----------------  -----  ------------------  --------  ----------  ---------------  -------------------
dags-folder  two_task_dag.py                                     1           0  0.09s            2025-12-07T12:58:58
dags-folder  one_task_dags.py                                    1           0  0.05s            2025-12-07T12:58:58
================================================================================ [airflow.dag_processing.manager.DagFileProcessorManager] loc=manager.py:775
2025-12-07T12:59:28.796160Z [info     ] Sync 1 DAGs                    [airflow.serialization.serialized_objects] loc=serialized_objects.py:2893
2025-12-07T12:59:28.800383Z [info     ] Setting next_dagrun for two_task_dag to None, run_after=None [airflow.models.dag] loc=dag.py:688
2025-12-07T12:59:28.825575Z [info     ] Sync 1 DAGs                    [airflow.serialization.serialized_objects] loc=serialized_objects.py:2893
2025-12-07T12:59:28.827611Z [info     ] Setting next_dagrun for one_task_dag to None, run_after=None [airflow.models.dag] loc=dag.py:688
2025-12-07T12:59:32.839056Z [info     ] Not time to refresh bundle dags-folder [airflow.dag_processing.manager.DagFileProcessorManager] loc=manager.py:550
2025-12-07T12:59:37.880306Z [info     ] Not time to refresh bundle dags-folder [airflow.dag_processing.manager.DagFileProcessorManager] loc=manager.py:550
2025-12-07T12:59:42.921165Z [info     ] Not time to refresh bundle dags-folder [airflow.dag_processing.manager.DagFileProcessorManager] loc=manager.py:550
2025-12-07T12:59:47.970134Z [info     ] Not time to refresh bundle dags-folder [airflow.dag_processing.manager.DagFileProcessorManager] loc=manager.py:550
2025-12-07T12:59:53.009979Z [info     ] Not time to refresh bundle dags-folder [airflow.dag_processing.manager.DagFileProcessorManager] loc=manager.py:550
2025-12-07T12:59:58.053952Z [info     ] Not time to refresh bundle dags-folder [airflow.dag_processing.manager.DagFileProcessorManager] loc=manager.py:550
2025-12-07T12:59:59.052198Z [info     ] 
================================================================================
DAG File Processing Stats

Bundle       File Path         PID    Current Duration      # DAGs    # Errors  Last Duration    Last Run At
-----------  ----------------  -----  ------------------  --------  ----------  ---------------  -------------------
dags-folder  one_task_dags.py                                    1           0  0.09s            2025-12-07T12:59:28
dags-folder  two_task_dag.py                                     1           0  0.06s            2025-12-07T12:59:28
================================================================================ [airflow.dag_processing.manager.DagFileProcessorManager] loc=manager.py:775
2025-12-07T12:59:59.127839Z [info     ] Sync 1 DAGs                    [airflow.serialization.serialized_objects] loc=serialized_objects.py:2893
2025-12-07T12:59:59.131653Z [info     ] Setting next_dagrun for two_task_dag to None, run_after=None [airflow.models.dag] loc=dag.py:688
2025-12-07T12:59:59.151792Z [info     ] Sync 1 DAGs                    [airflow.serialization.serialized_objects] loc=serialized_objects.py:2893
2025-12-07T12:59:59.153419Z [info     ] Setting next_dagrun for one_task_dag to None, run_after=None [airflow.models.dag] loc=dag.py:688
2025-12-07T13:00:03.171667Z [info     ] Not time to refresh bundle dags-folder [airflow.dag_processing.manager.DagFileProcessorManager] loc=manager.py:550
2025-12-07T13:00:08.220250Z [info     ] Not time to refresh bundle dags-folder [airflow.dag_processing.manager.DagFileProcessorManager] loc=manager.py:550
2025-12-07T13:00:13.266436Z [info     ] Not time to refresh bundle dags-folder [airflow.dag_processing.manager.DagFileProcessorManager] loc=manager.py:550
2025-12-07T13:00:18.315514Z [info     ] Not time to refresh bundle dags-folder [airflow.dag_processing.manager.DagFileProcessorManager] loc=manager.py:550
2025-12-07T13:00:23.361481Z [info     ] Not time to refresh bundle dags-folder [airflow.dag_processing.manager.DagFileProcessorManager] loc=manager.py:550
2025-12-07T13:00:28.409822Z [info     ] Not time to refresh bundle dags-folder [airflow.dag_processing.manager.DagFileProcessorManager] loc=manager.py:550
2025-12-07T13:00:29.410226Z [info     ] 
================================================================================
DAG File Processing Stats

Bundle       File Path         PID    Current Duration      # DAGs    # Errors  Last Duration    Last Run At
-----------  ----------------  -----  ------------------  --------  ----------  ---------------  -------------------
dags-folder  one_task_dags.py                                    1           0  0.08s            2025-12-07T12:59:59
dags-folder  two_task_dag.py                                     1           0  0.07s            2025-12-07T12:59:59
================================================================================ [airflow.dag_processing.manager.DagFileProcessorManager] loc=manager.py:775
2025-12-07T13:00:29.482304Z [info     ] Sync 1 DAGs                    [airflow.serialization.serialized_objects] loc=serialized_objects.py:2893
2025-12-07T13:00:29.493009Z [info     ] Setting next_dagrun for one_task_dag to None, run_after=None [airflow.models.dag] loc=dag.py:688
2025-12-07T13:00:29.522223Z [info     ] Sync 1 DAGs                    [airflow.serialization.serialized_objects] loc=serialized_objects.py:2893
2025-12-07T13:00:29.525063Z [info     ] Setting next_dagrun for two_task_dag to None, run_after=None [airflow.models.dag] loc=dag.py:688
2025-12-07T13:00:33.567384Z [info     ] Not time to refresh bundle dags-folder [airflow.dag_processing.manager.DagFileProcessorManager] loc=manager.py:550
2025-12-07T13:00:38.608036Z [info     ] Not time to refresh bundle dags-folder [airflow.dag_processing.manager.DagFileProcessorManager] loc=manager.py:550
2025-12-07T13:00:43.651459Z [info     ] Not time to refresh bundle dags-folder [airflow.dag_processing.manager.DagFileProcessorManager] loc=manager.py:550
2025-12-07T13:00:48.697102Z [info     ] Not time to refresh bundle dags-folder [airflow.dag_processing.manager.DagFileProcessorManager] loc=manager.py:550
2025-12-07T13:00:53.741794Z [info     ] Not time to refresh bundle dags-folder [airflow.dag_processing.manager.DagFileProcessorManager] loc=manager.py:550
2025-12-07T13:00:58.787872Z [info     ] Not time to refresh bundle dags-folder [airflow.dag_processing.manager.DagFileProcessorManager] loc=manager.py:550
2025-12-07T13:00:59.787366Z [info     ] 
================================================================================
DAG File Processing Stats

Bundle       File Path         PID    Current Duration      # DAGs    # Errors  Last Duration    Last Run At
-----------  ----------------  -----  ------------------  --------  ----------  ---------------  -------------------
dags-folder  two_task_dag.py                                     1           0  0.11s            2025-12-07T13:00:29
dags-folder  one_task_dags.py                                    1           0  0.06s            2025-12-07T13:00:29
================================================================================ [airflow.dag_processing.manager.DagFileProcessorManager] loc=manager.py:775
2025-12-07T13:00:59.854308Z [info     ] Sync 1 DAGs                    [airflow.serialization.serialized_objects] loc=serialized_objects.py:2893
2025-12-07T13:00:59.858196Z [info     ] Setting next_dagrun for two_task_dag to None, run_after=None [airflow.models.dag] loc=dag.py:688
2025-12-07T13:00:59.877680Z [info     ] Sync 1 DAGs                    [airflow.serialization.serialized_objects] loc=serialized_objects.py:2893
2025-12-07T13:00:59.879371Z [info     ] Setting next_dagrun for one_task_dag to None, run_after=None [airflow.models.dag] loc=dag.py:688
2025-12-07T13:01:03.899284Z [info     ] Not time to refresh bundle dags-folder [airflow.dag_processing.manager.DagFileProcessorManager] loc=manager.py:550
2025-12-07T13:01:08.945930Z [info     ] Not time to refresh bundle dags-folder [airflow.dag_processing.manager.DagFileProcessorManager] loc=manager.py:550
2025-12-07T13:01:13.991508Z [info     ] Not time to refresh bundle dags-folder [airflow.dag_processing.manager.DagFileProcessorManager] loc=manager.py:550
2025-12-07T13:01:19.037013Z [info     ] Not time to refresh bundle dags-folder [airflow.dag_processing.manager.DagFileProcessorManager] loc=manager.py:550
2025-12-07T13:01:24.089358Z [info     ] Not time to refresh bundle dags-folder [airflow.dag_processing.manager.DagFileProcessorManager] loc=manager.py:550
2025-12-07T13:01:29.134830Z [info     ] Not time to refresh bundle dags-folder [airflow.dag_processing.manager.DagFileProcessorManager] loc=manager.py:550
2025-12-07T13:01:30.134729Z [info     ] 
================================================================================
DAG File Processing Stats

Bundle       File Path         PID    Current Duration      # DAGs    # Errors  Last Duration    Last Run At
-----------  ----------------  -----  ------------------  --------  ----------  ---------------  -------------------
dags-folder  one_task_dags.py                                    1           0  0.08s            2025-12-07T13:00:59
dags-folder  two_task_dag.py                                     1           0  0.06s            2025-12-07T13:00:59
================================================================================ [airflow.dag_processing.manager.DagFileProcessorManager] loc=manager.py:775
2025-12-07T13:01:30.199035Z [info     ] Sync 1 DAGs                    [airflow.serialization.serialized_objects] loc=serialized_objects.py:2893
2025-12-07T13:01:30.203862Z [info     ] Setting next_dagrun for one_task_dag to None, run_after=None [airflow.models.dag] loc=dag.py:688
2025-12-07T13:01:30.232602Z [info     ] Sync 1 DAGs                    [airflow.serialization.serialized_objects] loc=serialized_objects.py:2893
2025-12-07T13:01:30.235596Z [info     ] Setting next_dagrun for two_task_dag to None, run_after=None [airflow.models.dag] loc=dag.py:688
2025-12-07T13:01:34.284380Z [info     ] Not time to refresh bundle dags-folder [airflow.dag_processing.manager.DagFileProcessorManager] loc=manager.py:550
2025-12-07T13:01:39.327268Z [info     ] Not time to refresh bundle dags-folder [airflow.dag_processing.manager.DagFileProcessorManager] loc=manager.py:550
2025-12-07T13:01:44.371475Z [info     ] Not time to refresh bundle dags-folder [airflow.dag_processing.manager.DagFileProcessorManager] loc=manager.py:550
2025-12-07T13:01:49.431116Z [info     ] Not time to refresh bundle dags-folder [airflow.dag_processing.manager.DagFileProcessorManager] loc=manager.py:550
2025-12-07T13:01:54.489644Z [info     ] Not time to refresh bundle dags-folder [airflow.dag_processing.manager.DagFileProcessorManager] loc=manager.py:550
2025-12-07T13:01:59.531432Z [info     ] Not time to refresh bundle dags-folder [airflow.dag_processing.manager.DagFileProcessorManager] loc=manager.py:550
2025-12-07T13:02:00.531431Z [info     ] 
================================================================================
DAG File Processing Stats

Bundle       File Path         PID    Current Duration      # DAGs    # Errors  Last Duration    Last Run At
-----------  ----------------  -----  ------------------  --------  ----------  ---------------  -------------------
dags-folder  two_task_dag.py                                     1           0  0.09s            2025-12-07T13:01:30
dags-folder  one_task_dags.py                                    1           0  0.05s            2025-12-07T13:01:30
================================================================================ [airflow.dag_processing.manager.DagFileProcessorManager] loc=manager.py:775
2025-12-07T13:02:00.603794Z [info     ] Sync 1 DAGs                    [airflow.serialization.serialized_objects] loc=serialized_objects.py:2893
2025-12-07T13:02:00.609152Z [info     ] Setting next_dagrun for two_task_dag to None, run_after=None [airflow.models.dag] loc=dag.py:688
2025-12-07T13:02:00.628823Z [info     ] Sync 1 DAGs                    [airflow.serialization.serialized_objects] loc=serialized_objects.py:2893
2025-12-07T13:02:00.630594Z [info     ] Setting next_dagrun for one_task_dag to None, run_after=None [airflow.models.dag] loc=dag.py:688
2025-12-07T13:02:04.650821Z [info     ] Not time to refresh bundle dags-folder [airflow.dag_processing.manager.DagFileProcessorManager] loc=manager.py:550
2025-12-07T13:02:09.700293Z [info     ] Not time to refresh bundle dags-folder [airflow.dag_processing.manager.DagFileProcessorManager] loc=manager.py:550
2025-12-07T13:02:14.753255Z [info     ] Not time to refresh bundle dags-folder [airflow.dag_processing.manager.DagFileProcessorManager] loc=manager.py:550
2025-12-07T13:02:19.799163Z [info     ] Not time to refresh bundle dags-folder [airflow.dag_processing.manager.DagFileProcessorManager] loc=manager.py:550
2025-12-07T13:02:24.849448Z [info     ] Not time to refresh bundle dags-folder [airflow.dag_processing.manager.DagFileProcessorManager] loc=manager.py:550
2025-12-07T13:02:29.906932Z [info     ] Not time to refresh bundle dags-folder [airflow.dag_processing.manager.DagFileProcessorManager] loc=manager.py:550
2025-12-07T13:02:30.908915Z [info     ] 
================================================================================
DAG File Processing Stats

Bundle       File Path         PID    Current Duration      # DAGs    # Errors  Last Duration    Last Run At
-----------  ----------------  -----  ------------------  --------  ----------  ---------------  -------------------
dags-folder  one_task_dags.py                                    1           0  0.08s            2025-12-07T13:02:00
dags-folder  two_task_dag.py                                     1           0  0.07s            2025-12-07T13:02:00
================================================================================ [airflow.dag_processing.manager.DagFileProcessorManager] loc=manager.py:775
2025-12-07T13:02:30.977092Z [info     ] Sync 1 DAGs                    [airflow.serialization.serialized_objects] loc=serialized_objects.py:2893
2025-12-07T13:02:30.983729Z [info     ] Setting next_dagrun for one_task_dag to None, run_after=None [airflow.models.dag] loc=dag.py:688
2025-12-07T13:02:31.011241Z [info     ] Sync 1 DAGs                    [airflow.serialization.serialized_objects] loc=serialized_objects.py:2893
2025-12-07T13:02:31.014243Z [info     ] Setting next_dagrun for two_task_dag to None, run_after=None [airflow.models.dag] loc=dag.py:688
2025-12-07T13:02:35.055688Z [info     ] Not time to refresh bundle dags-folder [airflow.dag_processing.manager.DagFileProcessorManager] loc=manager.py:550
2025-12-07T13:02:40.112162Z [info     ] Not time to refresh bundle dags-folder [airflow.dag_processing.manager.DagFileProcessorManager] loc=manager.py:550
2025-12-07T13:02:45.155054Z [info     ] Not time to refresh bundle dags-folder [airflow.dag_processing.manager.DagFileProcessorManager] loc=manager.py:550
2025-12-07T13:02:50.199192Z [info     ] Not time to refresh bundle dags-folder [airflow.dag_processing.manager.DagFileProcessorManager] loc=manager.py:550
2025-12-07T13:02:55.240208Z [info     ] Not time to refresh bundle dags-folder [airflow.dag_processing.manager.DagFileProcessorManager] loc=manager.py:550
2025-12-07T13:03:00.284758Z [info     ] Refreshing bundle dags-folder  [airflow.dag_processing.manager.DagFileProcessorManager] loc=manager.py:553
2025-12-07T13:03:00.288618Z [info     ] Searching for files in dags-folder at /workspaces/hands-on-introduction-data-engineering-4395021/airflow/dags [airflow.dag_processing.manager.DagFileProcessorManager] loc=manager.py:604
2025-12-07T13:03:00.289775Z [info     ] Found 2 files for bundle dags-folder [airflow.dag_processing.manager.DagFileProcessorManager] loc=manager.py:606
2025-12-07T13:03:01.283568Z [info     ] 
================================================================================
DAG File Processing Stats

Bundle       File Path         PID    Current Duration      # DAGs    # Errors  Last Duration    Last Run At
-----------  ----------------  -----  ------------------  --------  ----------  ---------------  -------------------
dags-folder  two_task_dag.py                                     1           0  0.09s            2025-12-07T13:02:31
dags-folder  one_task_dags.py                                    1           0  0.05s            2025-12-07T13:02:30
================================================================================ [airflow.dag_processing.manager.DagFileProcessorManager] loc=manager.py:775
2025-12-07T13:03:01.353660Z [info     ] Sync 1 DAGs                    [airflow.serialization.serialized_objects] loc=serialized_objects.py:2893
2025-12-07T13:03:01.359316Z [info     ] Setting next_dagrun for one_task_dag to None, run_after=None [airflow.models.dag] loc=dag.py:688
2025-12-07T13:03:01.406864Z [info     ] Sync 1 DAGs                    [airflow.serialization.serialized_objects] loc=serialized_objects.py:2893
2025-12-07T13:03:01.409977Z [info     ] Setting next_dagrun for two_task_dag to None, run_after=None [airflow.models.dag] loc=dag.py:688
2025-12-07T13:03:05.505239Z [info     ] Not time to refresh bundle dags-folder [airflow.dag_processing.manager.DagFileProcessorManager] loc=manager.py:550
2025-12-07T13:03:10.550956Z [info     ] Not time to refresh bundle dags-folder [airflow.dag_processing.manager.DagFileProcessorManager] loc=manager.py:550
2025-12-07T13:03:15.589442Z [info     ] Not time to refresh bundle dags-folder [airflow.dag_processing.manager.DagFileProcessorManager] loc=manager.py:550
2025-12-07T13:03:20.630034Z [info     ] Not time to refresh bundle dags-folder [airflow.dag_processing.manager.DagFileProcessorManager] loc=manager.py:550
2025-12-07T13:03:25.671555Z [info     ] Not time to refresh bundle dags-folder [airflow.dag_processing.manager.DagFileProcessorManager] loc=manager.py:550
2025-12-07T13:03:30.726783Z [info     ] Not time to refresh bundle dags-folder [airflow.dag_processing.manager.DagFileProcessorManager] loc=manager.py:550
2025-12-07T13:03:31.721441Z [info     ] 
================================================================================
DAG File Processing Stats

Bundle       File Path         PID    Current Duration      # DAGs    # Errors  Last Duration    Last Run At
-----------  ----------------  -----  ------------------  --------  ----------  ---------------  -------------------
dags-folder  two_task_dag.py                                     1           0  0.12s            2025-12-07T13:03:01
dags-folder  one_task_dags.py                                    1           0  0.06s            2025-12-07T13:03:01
================================================================================ [airflow.dag_processing.manager.DagFileProcessorManager] loc=manager.py:775
2025-12-07T13:03:31.791144Z [info     ] Sync 1 DAGs                    [airflow.serialization.serialized_objects] loc=serialized_objects.py:2893
2025-12-07T13:03:31.795899Z [info     ] Setting next_dagrun for two_task_dag to None, run_after=None [airflow.models.dag] loc=dag.py:688
2025-12-07T13:03:31.816036Z [info     ] Sync 1 DAGs                    [airflow.serialization.serialized_objects] loc=serialized_objects.py:2893
2025-12-07T13:03:31.817596Z [info     ] Setting next_dagrun for one_task_dag to None, run_after=None [airflow.models.dag] loc=dag.py:688
2025-12-07T13:03:35.843060Z [info     ] Not time to refresh bundle dags-folder [airflow.dag_processing.manager.DagFileProcessorManager] loc=manager.py:550
2025-12-07T13:03:40.893996Z [info     ] Not time to refresh bundle dags-folder [airflow.dag_processing.manager.DagFileProcessorManager] loc=manager.py:550
2025-12-07T13:03:45.941667Z [info     ] Not time to refresh bundle dags-folder [airflow.dag_processing.manager.DagFileProcessorManager] loc=manager.py:550
2025-12-07T13:03:50.989867Z [info     ] Not time to refresh bundle dags-folder [airflow.dag_processing.manager.DagFileProcessorManager] loc=manager.py:550
